1481574420, 574825048, 58142, 58654, 58654, 58398, 58398, 58910, 59678, 58398, 58910, 59678, 58654, 59934, 59422, 59422, 59934, 59934, 61214, 60446, 59934, 60446, 60958, 61470, 61726, 62494, 61726, 
1481574430, 595509052, 55838, 56350, 56094, 56862, 55582, 56094, 56862, 57630, 57118, 57374, 57374, 56862, 57630, 57118, 57886, 57630, 58910, 58142, 58654, 58398, 58654, 58398, 58654, 59934, 59678, 
1481574440, 616421937, 54558, 55070, 54814, 54046, 54302, 54558, 55326, 55326, 54046, 55070, 54558, 55326, 55582, 55070, 55838, 56094, 56862, 56606, 56094, 56350, 56094, 56862, 57630, 57886, 57630, 
1481574450, 637303113, 7967, 8479, 7711, 7711, 8223, 10015, 9503, 9759, 10015, 9503, 9503, 9503, 10271, 9759, 10015, 9759, 10527, 11295, 10015, 10527, 11039, 12063, 12063, 11551, 11807, 
1481574460, 696307897, 19487, 20511, 20511, 19231, 19999, 21023, 21279, 21279, 21279, 21279, 22047, 21791, 22303, 21023, 21535, 22047, 22047, 22815, 22559, 23071, 22303, 23071, 24351, 23583, 23583, 
1481574470, 717547893, 20767, 20255, 20255, 19231, 19231, 21535, 21535, 20767, 22303, 21791, 22047, 22047, 22047, 21279, 21535, 22559, 22815, 22815, 22559, 22815, 23583, 23071, 23583, 24095, 23839, 
1481574480, 737989902, 17695, 17695, 18463, 16927, 16927, 19487, 19487, 19999, 18463, 18463, 19231, 19487, 20255, 18975, 19231, 19999, 21023, 20255, 19231, 20255, 21023, 21791, 22047, 22047, 21535, 
1481574490, 758820056, 17183, 17183, 16927, 15135, 15903, 17951, 18463, 17695, 17951, 17695, 18719, 18463, 18975, 17951, 18463, 18719, 19743, 18975, 18463, 19231, 19743, 20767, 19487, 19999, 19743, 
1481574500, 779447078, 15135, 14879, 15647, 13087, 14367, 16415, 16415, 16927, 15903, 16415, 16415, 16159, 17439, 15903, 16415, 16671, 16927, 17439, 17439, 17951, 18207, 18975, 18463, 19231, 19231, 
1481574510, 800529956, 14111, 13599, 14111, 11807, 12831, 14367, 15391, 14879, 14367, 14623, 15647, 14623, 15391, 14623, 14879, 15135, 15903, 16415, 15391, 16159, 16671, 16927, 16927, 16671, 17183, 
1481574520, 859868049, 12831, 12063, 12063, 11039, 11039, 13855, 13855, 13599, 14367, 13599, 13855, 13599, 13855, 13343, 13343, 13855, 14111, 14623, 14111, 14879, 15135, 15135, 15647, 15391, 16159, 
1481574530, 880192995, 12063, 12063, 11807, 10527, 11551, 13599, 12831, 13087, 12831, 13855, 13343, 14623, 13855, 12831, 13343, 14111, 13599, 14367, 14111, 14623, 15135, 15391, 15391, 15647, 15647, 
1481574540, 901365995, 11295, 10783, 10783, 9503, 10271, 12575, 13087, 11807, 12319, 11807, 12319, 12575, 12575, 12063, 12319, 13343, 12831, 13599, 12575, 13855, 13855, 14623, 14367, 14111, 14623, 
1481574550, 921804904, 10783, 11039, 10783, 9759, 10271, 12319, 12319, 12319, 12319, 11551, 12831, 12831, 12831, 12063, 12319, 13343, 13343, 13343, 12319, 13087, 13855, 14367, 14111, 13855, 14623, 
1481574560, 942840099, 10271, 10527, 10015, 9247, 9503, 12063, 12063, 11551, 12063, 11807, 12063, 11551, 12319, 11551, 12063, 12831, 12575, 13087, 12063, 13087, 13343, 13855, 13599, 13855, 14367, 
1481574570, 963556051, 10783, 10527, 10783, 8991, 10271, 12063, 12063, 12063, 12319, 11807, 11807, 11295, 12575, 12319, 12063, 12575, 12575, 13343, 11807, 13087, 13855, 14367, 14111, 14111, 13599, 
1481574580, 984224081, 10271, 9759, 10271, 8991, 9759, 11295, 11295, 12063, 11551, 11295, 11295, 11295, 12063, 11295, 11295, 12063, 12319, 12831, 12063, 13343, 13343, 13855, 13343, 13343, 13599, 
1481574591, 5213975, 10015, 10527, 10527, 9503, 9759, 11807, 11551, 11295, 10783, 11551, 11295, 11295, 12063, 10783, 11807, 12831, 12319, 12831, 12319, 13343, 12831, 14367, 12831, 13087, 14367, 
1481574601, 25631904, 10783, 9759, 9759, 8991, 8991, 11551, 12063, 11807, 11039, 11551, 11295, 11551, 11807, 11039, 11551, 12319, 12319, 12319, 11551, 12831, 12831, 13855, 13343, 13855, 14111, 
1481574611, 46426057, 10271, 10271, 10783, 9503, 8735, 11807, 12063, 12575, 11295, 11807, 11039, 11807, 12319, 11039, 11295, 12063, 12831, 13599, 12319, 13343, 12575, 13599, 13855, 13343, 13599, 
1481574621, 67325115, 11295, 11295, 10783, 10015, 10271, 12319, 12575, 12575, 12319, 12575, 12063, 12063, 13087, 11807, 11807, 12831, 13343, 13087, 13087, 13343, 13087, 15135, 14623, 13855, 15135, 
1481574631, 126636028, 11039, 11295, 11039, 8991, 8991, 12575, 12319, 12575, 12319, 11807, 12319, 12319, 13087, 11807, 12319, 12319, 13087, 13599, 13599, 12831, 13855, 14879, 14367, 14111, 13855, 
1481574641, 147377967, 10783, 10527, 11039, 9503, 9503, 12575, 13087, 12319, 11807, 11807, 12319, 12575, 13087, 11807, 11807, 12831, 12831, 13343, 13343, 13599, 13599, 14879, 14111, 14111, 14367, 
1481574651, 206613063, 12063, 11551, 12575, 11295, 11295, 13343, 13343, 14367, 13599, 13599, 12831, 13599, 14367, 13343, 13087, 14111, 14623, 15135, 15135, 14879, 15135, 16159, 15903, 15647, 16159, 
1481574661, 188970088, 15391, 15903, 15391, 13855, 13855, 15903, 16927, 16159, 16159, 16671, 15903, 16927, 17183, 15903, 16159, 16415, 17439, 17439, 18719, 17439, 17951, 18975, 18207, 18975, 18463, 
1481574671, 209582090, 16927, 17439, 16927, 16159, 16159, 18463, 19487, 19231, 19231, 18207, 18207, 19743, 19487, 18719, 18719, 19231, 19999, 19487, 20255, 19743, 20511, 21279, 19999, 20767, 20767, 
1481574681, 230148077, 20511, 20255, 20255, 18975, 18719, 22047, 22559, 21535, 21791, 21535, 21535, 21791, 22815, 21279, 21791, 22047, 22303, 22303, 22303, 22559, 23583, 23583, 24095, 23583, 23583, 
1481574691, 212563037, 22047, 22047, 21791, 20767, 21535, 23583, 24095, 23583, 24095, 23583, 23327, 23327, 24351, 23583, 22815, 24095, 25119, 24351, 24095, 25119, 25631, 25887, 25631, 25887, 25887, 
1481574701, 233390092, 24607, 23327, 23839, 22303, 22559, 26143, 25631, 24863, 25887, 24863, 25119, 25887, 25887, 25375, 24863, 25887, 26911, 26143, 26143, 26143, 27935, 27935, 27167, 27935, 27423, 
1481574711, 215709924, 24351, 23839, 23839, 22559, 22815, 25119, 26143, 25631, 25631, 25119, 24607, 25375, 25887, 25119, 24863, 25631, 26911, 26399, 26399, 26399, 27679, 27679, 27423, 26911, 27679, 
1481574721, 274946928, 24351, 24351, 24607, 22815, 23327, 25375, 26143, 25119, 26399, 26399, 25119, 25887, 26143, 26143, 25631, 25887, 26399, 26655, 27679, 26399, 27167, 27935, 27679, 28191, 28191, 
1481574731, 257014036, 23839, 24095, 23327, 22303, 22559, 25119, 24863, 25119, 24607, 25375, 25375, 25631, 25375, 24351, 24863, 25887, 27423, 26143, 25887, 26399, 27167, 27935, 27167, 26655, 27679, 
1481574741, 316452026, 24351, 23327, 23839, 22303, 22047, 25631, 25887, 25119, 24863, 25119, 25375, 25631, 25375, 24351, 24863, 25887, 25631, 25887, 26399, 25631, 27167, 27167, 26655, 27167, 27167, 
1481574751, 299855947, 24351, 23071, 23327, 22047, 22303, 25119, 25375, 25375, 24863, 24863, 25375, 25887, 25631, 24863, 25119, 26655, 25887, 26143, 27167, 25631, 27167, 27679, 26655, 27423, 27423, 
1481574761, 319374084, 34079, 32799, 33567, 33055, 33055, 33567, 34335, 34335, 34335, 34591, 34591, 34847, 35615, 34847, 34591, 35615, 35871, 36383, 35871, 35871, 37151, 36639, 37919, 37663, 36895, 
1481574771, 340491056, 35359, 36383, 36383, 35615, 36383, 36127, 37151, 37151, 36895, 37151, 37919, 38175, 38687, 38943, 37919, 38687, 39199, 39455, 39199, 39455, 40223, 39711, 40991, 40479, 39455, 
1481574781, 360872030, 34335, 34847, 35615, 35103, 35359, 35103, 35359, 35359, 35103, 36639, 36895, 37151, 36895, 37663, 36639, 37407, 37919, 38175, 38175, 37663, 38687, 38687, 39967, 39455, 38687, 
1481574791, 381823062, 33311, 33823, 34335, 34335, 33567, 34079, 34335, 35103, 34335, 34847, 35359, 35359, 35615, 36127, 34847, 36383, 36383, 37919, 36127, 36127, 37407, 36895, 38943, 38687, 37663, 
1481574801, 364038944, 32543, 33311, 33311, 33055, 33055, 33055, 33823, 34079, 33311, 34335, 34079, 35359, 35359, 35359, 34591, 34591, 36383, 35871, 35871, 35615, 36895, 36383, 37663, 37151, 36383, 
1481574811, 422972917, 31263, 31775, 32287, 31263, 31263, 32031, 32287, 32799, 32543, 32543, 33823, 34335, 34847, 33311, 33567, 34335, 35359, 34591, 35103, 34847, 35359, 35103, 36127, 35615, 34847, 
1481574821, 443722009, 30751, 32031, 31263, 31519, 31263, 31519, 32543, 31775, 32031, 32287, 33311, 33567, 32799, 32799, 31519, 33567, 34079, 34079, 33823, 33823, 34847, 34335, 35615, 35103, 34591, 
1481574831, 465090036, 31519, 31775, 31263, 31263, 31775, 32031, 32287, 32799, 31775, 32799, 33567, 34335, 34847, 33055, 33311, 34079, 33823, 35103, 33567, 34591, 35615, 34847, 35103, 35103, 35103, 
1481574841, 485461950, 30751, 31775, 31519, 31519, 31263, 32287, 32287, 32799, 31519, 32287, 32799, 33823, 34079, 33311, 32543, 34335, 35103, 34847, 33311, 34079, 35615, 35103, 36383, 35359, 35103, 
1481574851, 544867992, 31007, 31007, 30751, 30495, 30751, 31263, 31775, 32287, 31263, 32287, 32799, 33055, 33055, 33311, 32543, 33567, 34079, 34079, 34335, 33311, 34591, 34591, 34847, 35103, 34079, 
1481574861, 565524101, 31007, 31007, 30239, 30239, 31263, 31263, 31775, 32287, 30751, 32031, 32543, 33567, 32543, 32799, 32031, 33055, 34591, 34079, 33055, 33055, 35103, 34335, 35615, 34335, 33567, 
1481574871, 547796010, 31007, 31519, 30495, 31519, 31775, 31775, 32799, 32799, 31263, 32543, 33311, 33823, 33567, 32799, 32799, 33823, 34335, 34591, 33567, 34079, 35615, 35615, 35615, 35103, 35103, 
1481574881, 607023954, 31519, 31519, 31775, 31775, 32031, 31775, 32543, 33055, 32543, 33311, 32799, 34847, 34079, 33567, 33311, 33823, 34847, 35359, 35103, 34591, 35871, 35103, 37151, 35871, 35871, 
1481574891, 589322090, 30751, 30751, 31007, 31263, 31519, 31263, 31775, 32543, 31263, 32799, 32543, 34079, 33823, 33311, 33311, 33311, 34847, 34335, 33567, 33823, 35103, 34847, 35871, 35871, 35615, 
1481574901, 648570060, 30495, 30751, 31007, 30751, 31007, 31263, 31775, 31775, 31007, 32287, 32799, 33823, 33311, 32799, 33567, 34335, 34847, 35103, 33567, 34079, 35359, 34335, 35615, 34847, 35615, 
1481574911, 630727052, 31519, 30239, 30751, 30239, 31263, 31519, 32031, 32287, 31775, 32543, 33311, 32543, 33055, 33567, 32543, 33055, 34335, 35103, 33823, 33823, 35359, 34335, 37151, 35103, 35103, 
1481574921, 690412044, 29983, 30239, 30239, 29983, 29983, 30495, 31007, 30751, 30495, 31007, 32031, 32543, 33055, 32287, 31775, 32799, 33567, 33823, 33311, 32799, 34079, 33567, 35359, 34591, 33823, 
1481574931, 710978031, 29983, 30239, 29727, 29983, 30239, 30751, 31007, 31007, 30239, 31007, 32543, 32799, 32799, 31775, 31519, 33055, 33311, 33567, 32543, 32543, 34335, 33055, 35103, 33823, 33567, 
1481574941, 731719970, 29471, 29471, 29215, 29215, 29983, 29727, 29983, 31007, 29215, 31519, 32031, 32543, 33567, 31263, 31519, 32799, 33055, 33823, 32543, 32543, 33823, 33311, 34335, 33567, 34079, 
1481574951, 752365112, 29215, 29215, 28703, 29471, 29727, 30239, 30751, 30495, 29215, 31007, 32031, 31519, 31519, 31519, 31263, 32031, 32287, 33311, 32799, 31775, 33823, 32799, 34079, 33055, 33055, 
1481574961, 734694004, 28959, 29727, 29215, 29215, 29727, 30239, 30495, 30751, 29471, 30751, 31775, 31775, 31775, 32031, 30751, 32287, 32031, 33311, 32287, 32287, 33567, 33311, 34591, 33055, 33567, 
1481574971, 755603075, 28191, 29215, 29471, 29215, 29215, 29983, 30751, 30751, 29727, 29727, 31519, 32287, 32031, 31263, 30751, 32287, 32543, 32031, 32031, 31007, 33311, 33311, 33823, 32799, 33311, 
1481574981, 776231050, 29215, 29727, 29471, 29215, 30239, 30495, 31007, 31007, 29727, 31775, 32031, 32287, 31775, 31519, 32031, 32031, 32543, 33055, 32287, 32031, 33823, 33055, 34079, 33567, 33567, 
1481574991, 796824932, 28703, 29727, 29727, 29471, 29471, 30239, 30495, 30751, 29471, 30239, 31519, 32031, 31775, 31263, 30751, 32287, 32799, 32031, 32799, 31519, 32799, 32543, 33567, 32799, 33055, 
1481575001, 817862033, 29215, 29983, 29471, 31007, 30751, 30495, 30751, 31519, 31007, 31519, 32287, 32543, 31775, 32543, 31263, 33567, 33567, 33311, 32287, 33311, 34079, 33567, 34591, 33055, 33311, 
1481575011, 877079010, 29471, 29727, 28959, 30239, 29471, 30495, 30751, 31263, 30239, 31007, 31519, 31775, 32031, 32031, 31263, 32031, 33567, 33311, 33823, 32799, 33567, 33055, 34335, 33823, 34079, 
1481575021, 897836923, 29727, 29983, 29471, 29471, 29983, 31007, 30495, 31263, 29727, 30495, 31519, 32287, 31775, 32031, 31519, 32543, 33055, 33055, 32799, 32543, 33311, 33311, 33823, 33055, 33823, 
1481575031, 918598890, 28959, 30495, 29471, 29471, 29215, 30751, 31775, 31007, 29727, 31007, 31775, 31775, 32543, 31519, 31007, 32543, 32799, 32799, 31519, 32287, 34079, 33567, 34591, 33567, 33823, 
1481575041, 939577102, 29983, 29727, 29471, 29471, 29471, 31007, 31775, 31519, 28959, 30495, 31775, 32287, 32031, 31263, 30751, 32543, 33055, 32287, 32287, 31775, 33311, 33567, 33823, 32543, 33311, 
1481575051, 959961891, 28447, 29215, 28703, 28959, 29215, 29471, 30751, 30239, 29215, 29983, 30751, 31519, 31263, 31263, 30239, 31519, 32031, 32799, 32031, 31519, 33311, 32543, 33567, 32799, 33055, 
1481575061, 980714082, 36639, 36383, 36383, 36639, 36127, 37151, 37407, 36383, 37151, 37407, 37919, 38175, 37663, 37919, 37407, 39199, 39455, 39199, 39455, 39199, 39967, 39711, 39455, 39199, 39711, 
1481575072, 1427888, 40735, 40735, 40479, 40223, 40223, 42271, 41247, 40991, 41247, 41247, 41759, 42527, 42271, 42271, 41759, 44831, 43807, 43551, 43551, 44063, 44319, 44575, 44575, 44063, 44575, 
1481575082, 22557020, 39711, 39711, 39711, 39711, 39455, 41247, 40735, 39199, 39967, 40479, 40991, 40991, 40991, 40479, 41759, 42271, 42783, 42271, 42527, 43551, 42783, 43039, 43039, 42783, 43295, 
1481575092, 81569910, 37663, 38431, 38687, 37663, 38431, 39199, 38687, 37663, 38943, 38687, 39199, 39199, 39455, 39711, 40223, 40991, 40479, 40735, 41503, 42015, 40991, 41247, 41503, 41759, 41759, 
1481575102, 63833951, 36639, 37151, 37151, 36895, 37151, 38175, 37919, 36127, 37407, 37407, 38687, 38687, 37919, 38175, 38431, 39967, 39711, 39455, 39967, 39455, 39967, 40479, 40479, 40223, 40991, 
1481575112, 123130083, 35359, 35103, 34591, 34591, 34847, 36127, 35615, 34847, 35359, 36383, 36639, 36639, 36639, 35871, 36895, 37663, 37407, 37663, 37663, 38431, 38431, 38687, 38431, 38431, 38943, 
1481575122, 144011020, 34079, 34591, 34591, 34335, 33823, 35871, 35871, 35615, 34591, 34847, 36127, 36127, 35871, 35359, 35359, 37663, 37151, 37407, 36895, 36895, 37407, 37919, 38431, 37151, 37151, 
1481575132, 126200914, 33567, 34079, 33823, 33311, 33567, 35103, 34847, 33567, 34591, 34079, 36127, 35615, 36383, 35103, 35615, 36639, 36639, 37663, 36895, 36383, 37151, 37151, 37663, 37919, 38175, 
1481575142, 185271978, 34079, 33567, 33567, 33055, 33311, 34847, 35103, 34079, 34079, 34079, 35103, 35359, 35359, 34335, 35359, 36127, 36127, 36639, 36639, 36639, 37151, 36383, 37663, 36895, 37407, 
1481575152, 206064939, 33823, 34079, 33823, 33823, 33311, 34591, 34847, 33311, 34591, 33311, 35103, 35871, 34591, 34335, 34591, 35871, 36383, 36127, 36895, 36383, 36639, 37151, 37407, 36639, 36895, 
1481575162, 188397884, 33823, 33311, 33823, 33567, 33055, 34591, 34847, 33823, 34335, 33567, 35103, 35615, 35103, 34335, 34591, 37151, 36127, 36383, 37151, 36639, 37919, 36127, 37407, 37151, 37151, 
1481575172, 247895002, 34079, 33823, 34335, 34335, 34079, 34847, 34847, 33567, 34591, 34335, 35359, 36127, 36127, 35871, 35615, 36895, 36639, 37407, 36383, 36639, 37407, 37663, 38943, 37663, 36895, 
1481575182, 268587112, 34079, 33311, 33567, 33567, 33567, 34847, 35103, 33567, 35103, 34591, 35359, 35871, 35615, 35103, 35615, 36639, 36383, 36639, 36383, 36639, 36895, 36895, 37151, 37663, 37407, 
1481575192, 289473056, 33055, 33567, 34847, 34591, 33567, 33823, 34847, 34335, 34847, 34847, 34847, 35615, 35615, 35615, 35103, 36383, 36127, 37151, 37663, 36127, 35871, 36127, 38175, 37407, 37151, 
1481575202, 348653078, 33823, 33823, 34079, 33567, 33823, 34847, 34847, 34079, 34079, 34591, 34847, 35359, 35615, 34847, 35359, 35871, 36127, 36639, 36383, 36127, 36639, 36639, 37407, 37151, 37407, 
1481575212, 330876111, 35103, 33823, 35103, 35359, 33823, 35359, 35359, 34335, 35359, 34335, 35871, 36639, 36639, 35615, 35103, 37407, 37407, 37151, 37407, 36639, 38175, 37407, 38687, 38175, 37151, 
1481575222, 389914035, 34591, 34079, 33567, 33311, 33567, 34079, 34847, 33823, 33823, 34591, 35359, 36383, 35359, 35359, 35103, 36383, 36639, 35871, 36895, 36639, 37663, 36383, 37407, 37919, 37151, 
1481575232, 410825014, 34079, 34079, 34079, 34079, 33567, 34847, 35103, 34335, 34335, 34847, 35359, 36127, 35871, 35359, 35871, 36127, 36639, 37151, 36895, 36895, 36895, 36895, 37663, 37407, 37663, 
1481575242, 431803941, 34591, 33823, 34591, 34079, 33567, 34591, 35103, 34079, 34591, 34591, 35615, 35871, 35359, 35871, 35103, 36639, 37151, 36895, 35871, 36639, 36895, 36895, 37407, 37407, 37407, 
1481575252, 452415943, 35359, 34335, 33567, 33823, 34079, 34335, 35615, 34591, 34847, 34847, 35871, 36383, 35871, 35615, 35871, 37407, 36895, 36383, 36895, 36895, 37407, 37663, 37663, 38431, 38175, 
1481575262, 434349060, 34079, 34079, 34079, 33823, 33567, 34335, 35103, 34335, 34847, 34591, 35871, 35871, 35103, 35359, 35103, 37663, 36383, 37151, 36895, 36383, 37151, 36639, 37407, 37663, 37663, 
1481575272, 494275093, 34335, 34079, 34079, 34079, 33823, 34335, 35871, 33823, 34591, 34335, 35359, 35103, 35359, 34847, 34591, 36895, 35871, 36127, 37151, 36639, 36895, 37151, 37663, 37663, 36895, 
1481575282, 475986957, 37151, 36383, 35871, 36127, 36127, 37407, 36383, 35871, 36127, 36127, 38175, 37919, 36639, 36895, 36895, 40735, 38687, 38175, 38687, 39199, 40223, 39967, 38943, 39199, 38687, 
1481575292, 496913909, 37407, 37919, 37407, 37151, 36639, 38943, 38175, 37151, 37919, 38175, 39199, 39455, 39199, 38175, 38175, 40223, 40223, 40223, 38943, 39967, 40991, 41247, 41247, 40479, 40991, 
1481575302, 556345939, 38687, 38943, 38687, 38687, 38431, 39199, 39711, 39199, 39455, 39455, 39711, 40223, 40479, 40991, 39711, 40991, 41247, 41759, 41247, 41759, 42783, 42015, 42783, 42015, 42527, 
1481575312, 576983928, 38431, 38175, 37663, 37919, 37663, 38431, 38431, 37151, 38687, 38687, 38943, 39199, 39967, 39199, 39711, 40991, 41503, 40735, 40735, 40991, 41759, 42015, 42527, 40991, 41503, 
1481575322, 559106111, 39199, 39711, 38687, 39199, 39199, 39711, 40223, 39455, 39711, 39967, 40479, 40479, 40991, 40223, 39967, 41247, 41503, 41759, 42015, 42271, 42015, 42015, 43551, 41759, 42783, 
1481575332, 618988037, 39199, 39967, 39455, 39455, 39199, 40479, 39967, 38943, 39711, 40479, 40991, 41247, 41503, 41247, 41503, 42271, 42783, 41759, 42271, 42271, 42527, 42783, 43039, 42527, 43039, 
1481575342, 639224052, 39455, 39455, 39455, 39967, 39199, 39967, 40479, 39199, 39967, 40223, 40223, 40223, 40991, 41247, 40479, 41503, 41503, 41759, 42271, 42271, 42271, 41759, 42783, 42271, 43039, 
1481575352, 660228013, 39455, 39967, 39455, 40223, 39199, 40223, 39967, 39711, 40991, 40223, 41247, 41247, 41247, 42015, 41247, 41503, 42271, 41503, 42783, 42015, 43039, 43039, 43295, 42271, 43039, 
1481575362, 680634021, 34847, 34335, 34591, 35615, 35615, 34847, 35615, 35615, 36127, 36895, 36639, 36895, 36639, 36383, 36639, 36127, 37407, 38431, 37407, 38175, 37663, 38431, 37919, 38431, 39199, 
1481575372, 701376914, 42527, 42527, 42015, 42527, 42527, 42271, 43295, 43039, 42783, 44063, 44575, 44319, 44319, 44575, 45087, 43807, 45343, 45087, 45087, 45599, 44831, 46111, 45855, 45599, 46367, 
1481575382, 722618103, 41759, 41503, 41759, 41759, 41759, 42015, 42783, 42271, 42527, 43295, 43295, 43807, 43551, 43807, 43551, 43551, 43551, 44575, 44063, 44319, 44319, 45087, 44831, 45343, 45343, 
1481575392, 782051086, 40223, 39967, 40479, 40223, 40479, 40991, 41247, 41247, 41503, 42783, 42527, 43039, 42527, 42527, 42527, 42271, 42783, 43039, 43295, 43807, 43295, 44063, 43551, 44831, 44319, 
1481575402, 802386999, 38943, 39455, 38943, 37919, 38943, 38687, 40991, 39455, 40223, 40479, 41247, 41247, 40479, 40991, 40479, 40479, 41503, 41247, 40735, 41759, 41247, 43039, 41759, 42783, 42783, 
1481575412, 784697055, 38431, 37407, 37919, 36895, 39199, 37919, 39199, 38687, 38175, 39199, 40479, 40479, 39455, 39967, 40479, 39967, 40223, 40735, 39967, 40735, 41247, 41759, 41759, 42015, 41759, 
1481575422, 843621015, 37151, 37151, 37919, 36895, 38175, 37151, 38431, 38175, 38431, 38431, 39199, 39711, 39711, 39711, 39967, 39199, 39455, 40479, 39711, 39711, 39455, 40479, 40479, 40991, 40991, 
1481575432, 864790916, 36895, 37407, 37663, 36639, 37407, 36895, 38175, 37919, 38175, 38943, 39199, 39199, 39199, 38687, 38687, 38943, 38943, 39967, 39199, 39711, 39199, 40223, 39967, 40991, 40735, 
1481575442, 885353088, 37151, 36895, 36895, 36639, 36895, 37151, 37919, 38175, 38175, 38175, 39199, 39711, 38687, 39199, 38687, 38943, 38943, 39455, 38943, 39455, 39455, 40479, 39711, 40991, 40735, 
1481575452, 906081914, 36127, 36127, 36639, 35871, 35871, 36383, 37919, 37407, 37151, 37663, 37919, 39455, 38431, 38175, 38431, 38687, 38687, 39455, 38175, 38431, 39199, 39711, 39711, 39967, 39711, 
1481575462, 965482950, 36383, 35359, 36383, 36127, 36127, 36639, 37151, 37151, 36895, 37407, 37663, 38687, 38687, 38175, 37407, 38431, 38175, 39199, 38175, 38431, 38687, 39199, 38943, 39711, 39711, 
1481575472, 986413002, 36639, 35615, 37407, 36127, 36639, 36895, 38175, 37919, 38175, 37663, 37663, 38687, 38687, 38431, 38687, 38943, 38687, 40223, 38175, 38175, 39199, 39711, 39455, 39967, 39711, 
1481575483, 7267951, 36127, 35615, 36383, 34847, 36127, 36639, 37407, 37151, 37407, 37407, 37663, 38943, 38175, 37919, 37663, 37919, 38687, 39711, 37663, 37919, 37919, 39199, 38943, 39711, 39711, 
1481575493, 66567897, 35871, 35615, 36127, 35359, 36127, 36639, 36895, 36639, 37151, 37407, 37663, 38431, 36895, 38175, 37919, 37919, 37919, 39199, 38175, 38687, 38175, 39711, 38943, 38943, 39455, 
1481575503, 87157964, 35359, 34847, 35359, 34847, 35359, 35103, 36127, 36127, 36639, 36383, 36639, 37663, 37151, 37919, 36895, 36383, 37151, 37407, 37663, 37663, 37407, 38431, 37919, 39199, 39199, 
1481575513, 107841014, 36383, 35615, 36383, 35871, 36895, 36639, 36639, 37151, 37151, 38175, 38431, 39199, 37919, 38687, 37919, 38175, 38175, 39455, 38431, 38687, 38687, 39199, 39455, 39967, 39711, 
1481575523, 167138099, 36383, 35871, 36383, 35615, 36383, 36127, 37151, 36639, 37663, 37407, 38431, 38943, 38687, 38175, 38175, 38175, 38431, 39967, 37663, 38431, 38431, 39967, 39199, 39711, 39967, 
1481575533, 149538040, 36383, 36127, 36383, 35615, 36383, 36127, 37151, 37407, 37151, 37407, 37663, 38431, 38175, 38431, 37407, 38175, 37919, 38943, 37919, 37919, 37407, 39455, 38687, 39967, 39455, 
1481575543, 208621978, 35871, 35103, 35871, 36383, 35871, 35615, 36383, 36639, 36639, 37151, 37663, 37919, 37663, 37919, 37663, 37919, 37407, 37919, 37919, 38175, 38687, 38943, 38175, 40223, 38687, 
1481575553, 229533910, 35103, 35103, 35871, 35871, 36127, 35871, 36383, 36383, 36895, 37151, 36895, 37407, 37919, 38431, 37407, 37407, 37407, 38431, 38175, 37151, 38175, 38175, 38175, 40223, 39199, 
1481575563, 250245094, 34847, 35103, 34847, 35359, 36639, 35103, 36639, 35871, 36127, 37151, 37151, 37663, 37407, 38175, 37407, 36895, 37407, 37663, 38175, 37151, 37151, 38687, 37663, 39967, 38687, 
1481575573, 270931959, 34847, 34335, 34335, 34079, 34591, 34847, 35615, 35615, 35615, 36639, 36639, 36383, 36127, 36639, 37151, 36895, 37151, 37663, 36383, 36895, 36127, 38175, 37407, 38431, 37663, 
1481575583, 330348968, 34591, 34335, 34847, 34847, 34079, 34591, 35871, 36895, 36383, 36639, 36639, 37663, 36639, 37407, 36895, 36383, 37151, 37151, 36639, 37407, 36895, 38175, 37151, 38687, 37663, 
1481575593, 351268053, 34847, 34335, 34591, 34079, 34335, 34847, 35615, 35615, 35871, 35871, 36895, 36895, 36895, 37663, 36639, 36895, 37407, 37151, 37919, 37663, 37919, 38431, 37663, 39199, 38175, 
1481575603, 371814012, 34079, 34591, 33567, 33567, 34335, 34847, 35359, 35359, 34847, 35615, 36383, 37407, 35871, 36383, 36127, 36383, 37151, 36383, 36383, 37151, 36639, 37919, 37151, 37407, 37151, 
1481575613, 392535924, 36127, 34591, 34079, 34591, 34591, 35103, 35871, 35359, 35359, 36383, 36639, 36895, 36895, 36895, 36895, 37407, 36895, 37663, 37151, 37151, 36895, 38175, 37663, 38431, 38431, 
1481575623, 413187980, 35871, 34847, 35615, 34847, 34847, 35615, 36383, 35871, 35615, 36383, 36895, 37407, 37151, 37663, 36895, 37407, 37919, 37663, 37407, 37407, 37663, 37919, 37151, 39199, 38687, 
1481575633, 472567081, 35871, 35359, 35359, 34591, 34335, 35615, 36127, 35615, 35615, 35871, 36895, 37919, 36383, 37151, 35871, 37151, 37407, 37663, 37151, 37663, 37663, 38175, 37151, 38943, 37663, 
1481575643, 493366956, 35615, 35359, 34847, 34847, 35615, 35359, 36639, 36639, 36383, 37151, 37407, 38175, 37407, 37663, 36895, 37407, 37663, 38687, 37151, 37919, 37407, 38431, 37663, 38687, 38943, 
1481575653, 552823066, 34847, 34847, 35103, 34591, 34847, 34847, 36127, 35359, 35615, 35871, 36895, 37663, 36895, 37663, 36639, 37151, 36895, 38175, 37663, 37151, 37407, 37407, 37151, 38431, 37919, 
1481575663, 573729038, 34591, 34079, 34079, 33567, 34335, 35103, 35359, 35359, 35871, 34591, 36127, 36383, 35871, 35359, 35871, 37151, 36639, 37407, 37407, 37151, 37919, 38175, 37151, 37407, 37663, 
1481575673, 594158887, 42271, 43039, 42783, 43039, 43039, 43551, 43551, 44063, 44319, 43551, 44575, 45599, 44063, 45087, 45087, 45855, 46367, 46111, 46623, 46367, 47135, 47903, 45855, 47391, 46879, 
1481575683, 654023885, 43039, 42783, 42783, 43295, 43295, 43807, 43807, 43551, 43551, 43039, 44831, 45599, 44831, 44319, 45087, 46623, 45855, 45855, 46879, 45599, 46623, 46879, 46367, 46879, 47135, 
1481575693, 674447059, 41247, 41759, 40735, 40479, 41759, 41759, 42527, 42527, 42015, 41503, 42783, 43295, 42527, 43039, 43807, 45087, 43807, 44319, 44575, 44319, 44319, 44575, 45087, 45087, 45599, 
1481575703, 694914102, 39199, 40223, 39455, 40223, 40991, 40991, 40223, 40479, 40735, 40223, 41759, 41759, 41503, 41503, 42015, 43551, 42783, 42527, 44319, 42527, 43551, 43551, 42783, 43807, 43807, 
1481575713, 715703010, 38175, 39455, 38431, 38687, 38175, 39455, 39967, 38943, 39199, 38175, 39967, 41247, 39967, 39199, 39967, 41503, 42527, 40991, 41503, 40735, 42527, 42527, 41759, 42527, 42783, 
1481575723, 775388956, 37919, 37663, 37919, 37151, 37919, 39455, 38687, 38175, 39199, 37151, 39711, 39711, 38687, 39711, 39455, 40991, 40223, 40479, 41503, 39967, 41247, 40991, 40991, 41759, 41247, 
1481575733, 796140909, 37407, 38175, 37663, 37407, 37919, 38687, 37663, 38175, 38175, 37919, 39199, 39199, 37919, 38687, 38943, 39967, 40223, 39711, 39967, 39455, 40735, 40991, 40479, 40991, 40735, 
1481575743, 777893066, 36895, 37151, 36895, 37151, 36895, 37919, 38431, 37919, 37663, 36639, 38687, 39199, 38175, 38431, 38687, 39455, 40479, 39455, 39455, 39199, 40991, 40991, 39711, 40735, 40223, 
1481575753, 837101936, 36383, 35871, 36639, 36383, 36895, 36383, 37151, 36895, 37663, 36383, 37919, 38175, 38431, 38431, 38687, 38431, 39199, 39455, 39455, 39199, 38687, 39967, 40223, 40479, 39967, 
1481575763, 858305931, 35103, 36127, 35615, 35871, 36127, 36127, 36895, 36383, 36383, 35871, 37407, 37663, 37663, 37151, 37407, 38175, 38431, 39199, 38431, 37919, 39199, 39455, 38687, 39455, 39199, 
1481575773, 878856897, 35871, 35871, 35359, 35615, 36639, 36639, 36895, 36127, 36127, 35871, 37663, 38175, 37663, 37407, 37919, 37663, 39199, 38943, 38943, 39199, 39199, 39711, 39199, 39199, 40223, 
1481575783, 938662052, 36127, 35103, 35103, 36127, 35871, 35871, 36127, 35871, 36127, 34591, 36895, 37407, 36895, 36895, 37151, 37407, 37919, 37919, 38175, 37663, 39455, 39711, 38943, 38943, 38687, 
1481575793, 920216083, 35615, 35871, 34847, 35103, 34847, 36383, 36127, 35871, 35615, 34591, 36639, 37663, 36639, 36639, 36639, 38175, 37919, 37919, 37407, 36895, 39199, 39455, 38431, 38687, 38687, 
1481575803, 979770898, 33823, 34847, 35103, 34079, 34079, 35359, 35871, 35615, 35103, 34847, 36127, 36127, 35871, 35871, 36383, 36895, 37663, 37151, 37407, 36895, 38175, 38687, 38175, 37663, 38431, 
1481575813, 961615085, 35103, 35359, 35615, 34591, 35103, 35871, 36639, 36127, 35871, 35103, 36639, 37663, 37151, 36895, 37407, 37663, 37919, 38175, 38431, 37407, 39199, 39199, 38687, 38687, 39711, 
1481575823, 982750892, 35359, 36127, 35871, 35103, 36639, 36383, 37663, 36895, 35871, 35359, 37407, 37919, 36895, 36895, 37151, 38431, 37919, 37919, 38687, 37919, 39455, 39455, 38943, 38687, 39199, 
1481575834, 3420114, 34847, 36127, 35359, 35871, 35871, 36895, 36895, 36127, 36127, 35359, 37151, 37663, 37151, 37663, 37151, 38943, 38687, 38943, 38943, 38431, 39455, 39455, 38687, 39199, 38687, 
1481575844, 24195909, 34847, 35871, 34591, 35871, 36127, 36895, 36895, 36383, 36127, 34591, 37151, 37663, 36383, 36127, 37663, 37919, 38175, 37663, 37919, 37919, 39199, 39199, 38687, 38175, 38943, 
1481575854, 44864892, 34079, 35103, 34335, 35103, 35871, 35871, 36383, 35615, 35103, 35359, 35871, 37407, 35615, 36127, 36895, 38175, 38175, 36639, 37663, 37407, 38687, 38943, 37663, 38175, 38431, 
1481575864, 104181051, 34847, 35615, 34847, 35871, 35871, 36383, 36383, 35871, 36127, 35871, 37151, 37663, 36639, 36639, 37663, 37919, 38175, 38431, 38687, 38175, 38687, 39967, 39199, 38943, 39711, 
1481575874, 125463008, 34847, 36127, 35615, 35615, 35871, 35871, 37151, 35871, 35871, 35615, 36895, 37407, 36895, 37407, 37663, 38431, 37919, 38687, 37919, 38687, 39455, 39199, 38943, 39455, 39199, 
1481575884, 107362031, 35615, 36127, 35871, 36127, 36127, 36895, 37407, 36639, 36895, 36383, 37919, 38431, 36383, 37663, 37663, 38687, 38687, 38431, 39967, 38431, 39711, 39711, 38943, 39455, 39967, 
1481575894, 166502952, 36639, 37151, 37407, 36383, 36895, 37919, 38175, 37919, 37151, 35871, 38943, 38687, 37663, 38175, 37919, 39967, 40479, 38943, 40223, 38431, 39967, 40479, 39455, 40735, 39455, 
1481575904, 187555074, 35871, 36639, 36383, 36895, 37407, 36895, 37663, 36127, 38687, 36127, 37919, 38175, 36895, 38431, 38687, 39199, 39455, 38175, 39711, 38687, 40223, 40223, 39455, 40223, 40223, 
1481575914, 208300113, 35615, 35871, 35615, 35615, 36639, 36127, 37663, 35871, 36639, 35871, 37663, 38687, 36895, 37151, 38431, 39199, 38431, 38175, 38943, 37663, 39199, 40223, 38943, 39711, 39455, 
1481575924, 190284013, 35871, 36383, 36383, 35359, 36639, 36639, 37151, 36639, 36895, 35359, 37407, 37663, 37407, 37663, 37919, 39711, 38943, 38687, 39711, 37663, 40223, 40223, 39967, 39711, 40223, 
1481575934, 211071968, 35359, 36127, 35615, 35615, 36383, 35359, 36639, 36639, 36383, 35615, 37407, 37663, 37663, 37407, 37919, 38431, 38175, 38431, 39199, 37919, 39199, 39711, 39199, 39199, 39711, 
1481575944, 270544052, 35103, 35615, 35615, 35615, 36383, 35615, 36895, 36127, 36383, 35359, 37663, 38431, 37407, 36639, 38175, 38431, 38431, 37919, 38943, 37919, 38687, 39711, 38687, 39455, 39199, 
1481575954, 291578054, 35615, 35615, 35615, 35871, 35871, 36127, 36639, 36383, 36639, 35359, 36895, 37663, 37407, 37919, 38175, 38943, 38943, 39199, 40223, 37663, 39199, 39455, 38687, 39967, 39711, 
1481575964, 350667953, 31263, 31519, 31519, 30239, 31775, 32031, 32031, 32031, 32031, 31519, 32543, 32543, 33567, 33055, 33311, 33311, 33567, 34591, 33823, 33311, 33823, 33567, 34079, 33567, 33823, 
1481575974, 371270895, 43295, 44063, 43295, 43039, 43551, 44063, 44063, 44575, 43807, 44063, 44831, 44575, 44575, 45087, 45599, 45599, 45855, 45855, 45599, 45855, 46879, 46623, 46367, 46111, 45599, 
1481575984, 392179012, 44319, 44319, 44831, 43039, 44319, 44831, 45087, 45855, 45087, 45087, 45343, 45855, 46111, 45855, 46111, 46623, 47135, 46879, 47135, 47647, 48159, 46879, 47903, 46879, 47391, 
1481575994, 412782907, 43551, 43807, 43807, 42271, 43551, 44831, 45343, 44319, 45087, 43807, 45343, 45343, 45343, 45855, 45599, 46111, 46111, 46623, 46367, 45343, 46367, 47135, 46623, 46623, 45343, 
1481576004, 471915006, 41759, 42271, 42271, 41759, 43295, 42783, 42783, 43039, 43295, 43295, 43807, 43295, 43551, 44575, 44831, 44831, 44319, 44831, 44831, 45087, 45599, 44575, 45599, 44831, 45599, 
1481576014, 454339027, 40735, 40735, 41503, 40479, 40735, 41503, 42271, 42783, 41503, 42015, 42783, 42783, 43039, 43039, 43295, 44063, 43039, 43807, 43039, 43295, 44319, 44063, 44063, 43551, 43551, 
1481576024, 475234031, 39967, 39967, 39967, 38687, 40223, 40735, 40735, 40735, 40991, 40223, 41247, 41247, 41247, 41503, 41759, 41759, 42271, 42527, 41759, 42527, 43551, 42527, 42271, 42783, 42015, 
1481576034, 496079921, 40223, 40223, 40223, 39967, 40735, 41503, 40735, 40479, 41247, 40479, 41247, 41503, 40223, 40991, 41503, 42015, 41503, 41759, 42527, 42527, 43295, 42783, 43039, 42527, 42527, 
1481576044, 516467094, 39455, 39455, 39711, 38687, 40735, 40479, 40479, 40991, 40223, 40991, 40991, 40735, 40735, 41759, 42015, 41759, 41503, 41759, 42015, 41503, 42527, 42015, 43295, 42783, 41759, 
1481576054, 537504911, 38431, 38943, 38943, 37919, 39199, 39711, 39455, 39967, 39967, 40223, 40479, 39711, 39967, 40223, 40735, 40991, 40735, 41247, 41503, 41503, 42527, 42271, 42271, 41247, 41247, 
1481228829, 847223997, 16928, 17696, 17440, 16928, 17696, 16416, 17696, 16928, 17184, 18208, 17952, 17696, 18720, 18208, 17952, 20000, 19488, 19744, 19488, 20000, 20000, 21024, 21280, 21536, 21280, 
1481228849, 850481033, 8992, 8224, 8736, 8992, 8480, 8736, 9760, 8736, 8992, 9248, 10016, 11040, 10784, 10272, 9248, 10784, 11552, 11808, 10528, 11296, 12064, 12832, 13344, 12320, 13344, 
1481228869, 853363990, 22560, 22304, 21792, 22304, 22304, 22816, 22816, 22816, 22816, 22816, 22816, 23584, 23840, 24608, 22816, 24608, 24096, 24608, 23840, 25120, 25632, 26144, 25888, 26144, 25888, 
1481228889, 856236934, 18976, 18208, 18720, 18464, 18976, 19744, 18464, 19488, 19232, 18976, 19488, 20512, 20000, 20512, 19232, 21792, 20768, 20768, 20512, 21536, 22560, 22048, 22304, 21792, 23584, 
1481228909, 859096050, 16160, 15904, 16160, 16416, 17440, 17440, 17440, 16672, 17440, 17952, 16416, 17952, 17440, 19232, 17952, 18464, 18976, 19232, 19232, 20256, 19488, 20256, 20256, 19744, 20768, 
1481228929, 862212896, 16672, 15136, 15904, 15648, 16160, 16416, 16672, 16672, 16928, 16160, 16160, 18208, 17696, 17952, 16672, 18208, 18720, 18976, 18208, 18208, 18720, 19744, 19232, 19232, 19744, 
1481228949, 827212095, 16416, 15136, 15648, 15648, 16160, 17184, 16160, 16160, 15904, 15904, 16672, 17696, 17952, 17440, 16928, 18720, 18464, 18208, 17184, 18208, 18976, 20000, 19488, 18976, 19744, 
1481228969, 868480920, 16928, 15392, 15648, 15648, 16160, 16416, 15904, 16672, 15904, 16672, 16416, 16928, 16928, 17440, 16928, 18464, 18464, 18208, 18208, 18720, 18720, 20000, 18720, 20000, 19744, 
1481228989, 871594905, 15904, 14624, 15904, 14880, 16160, 15904, 15904, 15904, 15904, 15904, 16928, 17696, 16672, 16928, 16416, 17952, 17440, 17952, 16928, 17952, 18976, 19232, 17696, 17952, 19232, 
1481229009, 875073909, 16416, 14112, 15136, 15136, 15392, 14880, 15648, 15392, 15648, 15904, 15904, 16928, 16416, 16928, 15904, 17952, 17696, 17696, 17184, 17952, 18208, 18976, 18208, 18720, 18720, 
1481229029, 839495897, 16160, 14624, 14368, 15392, 15904, 14880, 15648, 15136, 16672, 16416, 15392, 16416, 16160, 16928, 16416, 17440, 17184, 16672, 16672, 17952, 18208, 18976, 18208, 18208, 18720, 
1481229049, 842449903, 14880, 13088, 13600, 13856, 14624, 15136, 14624, 14624, 15136, 14880, 14880, 16416, 15392, 15904, 15648, 17184, 16672, 16672, 15136, 15904, 17440, 17952, 17440, 16928, 17696, 
1481229069, 845418930, 14368, 14112, 13856, 12832, 13856, 14624, 14368, 14880, 14624, 14624, 14368, 15904, 15392, 16672, 15648, 16416, 16416, 15648, 16160, 16672, 17184, 18720, 17440, 16928, 17696, 
1481229089, 848717927, 13600, 12576, 12832, 13856, 13088, 14112, 14112, 14112, 14112, 14112, 14368, 14624, 14624, 15648, 14368, 16416, 15648, 15648, 15136, 15904, 16672, 17952, 16672, 16160, 16928, 
1481229109, 851457118, 13600, 12320, 12320, 13088, 13856, 13600, 13344, 13344, 13600, 13600, 13600, 14880, 13856, 15136, 14368, 15904, 15648, 15136, 15392, 16672, 15648, 16928, 16416, 15648, 17696, 
1481229129, 854526042, 12576, 11552, 12320, 12576, 12832, 13344, 12064, 12064, 14112, 12832, 12320, 13600, 13600, 13856, 13088, 15136, 15648, 14624, 14368, 15136, 15904, 16928, 15904, 14880, 15648, 
1481229149, 857553958, 11808, 11040, 10528, 11296, 11808, 12320, 11552, 11808, 11808, 11040, 11808, 13088, 11808, 12832, 12832, 14112, 14112, 13856, 13088, 14112, 15136, 15904, 14112, 14368, 14624, 
1481229169, 860950946, 16160, 15392, 15648, 15392, 14880, 16672, 17184, 16160, 16928, 17184, 16672, 17696, 16928, 16672, 17184, 18976, 18720, 18976, 18720, 18976, 19744, 19488, 20512, 18976, 20512, 
1481229189, 863868951, 12576, 12320, 12064, 12064, 12832, 13600, 13856, 13088, 13600, 13600, 13088, 14880, 14624, 13856, 14880, 16416, 15392, 16160, 15648, 15648, 16928, 16928, 17696, 16160, 17696, 
1481229209, 866846084, 10272, 10528, 10784, 10784, 10528, 11296, 12320, 10784, 11808, 11296, 12064, 12320, 11808, 11808, 12320, 13600, 14112, 13344, 14112, 13344, 13856, 14112, 15648, 14624, 15648, 
1481229229, 869921922, 8992, 8224, 7968, 9248, 8992, 10272, 10016, 8992, 9760, 10016, 9504, 9248, 10272, 10272, 10528, 11808, 11296, 11296, 12576, 11296, 12320, 12064, 13088, 13344, 14624, 
1481229249, 872999906, 9760, 9504, 8736, 8992, 8992, 10528, 11040, 9760, 10016, 9760, 10528, 10528, 10016, 10016, 10528, 12064, 11808, 11808, 13600, 11808, 12320, 12832, 13856, 13600, 13856, 
1481229269, 876266956, 7712, 8224, 8480, 8480, 8224, 9760, 9760, 8992, 10016, 9760, 8992, 8992, 8992, 9504, 10016, 10272, 10784, 10016, 11808, 11296, 11552, 12064, 13088, 12064, 13344, 
1481229289, 840615034, 8224, 7968, 8736, 8736, 8992, 9760, 10528, 8224, 9760, 10016, 9248, 9248, 8992, 8992, 9760, 11040, 10528, 10528, 12064, 11296, 11552, 11808, 12832, 12320, 12832, 
1481229309, 882596015, 9248, 8736, 9248, 8736, 8736, 9760, 10016, 8736, 9504, 10016, 10016, 9504, 9760, 10272, 10272, 11552, 11040, 10784, 12064, 12320, 12064, 11808, 12576, 11808, 13344, 
1481229329, 846610069, 7712, 7968, 8480, 7968, 8480, 9760, 9760, 8736, 9248, 9760, 8480, 8224, 9504, 8992, 9248, 10784, 10784, 11040, 11040, 10528, 11040, 11040, 12064, 12064, 12832, 
1481229349, 849771976, 7712, 7968, 8736, 6944, 7200, 8480, 10016, 8992, 8224, 8736, 8480, 8480, 8992, 8480, 8992, 9504, 10272, 10016, 10784, 9760, 10784, 11808, 12064, 11040, 11808, 
1481229369, 852829933, 7200, 7200, 7968, 6688, 7456, 7712, 8480, 7712, 8224, 8224, 7456, 8224, 7968, 8224, 8224, 9760, 9248, 8992, 10272, 9760, 10528, 10528, 11296, 10528, 11552, 
1481229389, 856441974, 6688, 5920, 6432, 5664, 6176, 7968, 7968, 6944, 7200, 7456, 7200, 7712, 7456, 7712, 7712, 8736, 8224, 9248, 10016, 8992, 9504, 9760, 10528, 10784, 11040, 
1481229409, 859049081, 6432, 6176, 6432, 5664, 6944, 7968, 8480, 6944, 8224, 7712, 7968, 7200, 7712, 7456, 7712, 9760, 9504, 9760, 10016, 9248, 9760, 10016, 10528, 10784, 10528, 
1481229429, 862150907, 6944, 6688, 6176, 6176, 6688, 8224, 8992, 7712, 8224, 7968, 7712, 7968, 8224, 7968, 7968, 9760, 9504, 9504, 10016, 9248, 9248, 9504, 10784, 10016, 10784, 
1481229449, 865360021, 6432, 5920, 6176, 5408, 6432, 8224, 8480, 7200, 7968, 7200, 7200, 7200, 7456, 6944, 6944, 9248, 8224, 8224, 9504, 8480, 9248, 9760, 10016, 10528, 10272, 
1481229469, 868242979, 10272, 9248, 10528, 10016, 10528, 10528, 11808, 12320, 11808, 11808, 11296, 12064, 11808, 12064, 12320, 13088, 13856, 14368, 13856, 14112, 14624, 14624, 14880, 14880, 14624, 
1481229489, 871041059, 6944, 7200, 8224, 7456, 6944, 8736, 8992, 9248, 8224, 8480, 9248, 10272, 10016, 8480, 9504, 10016, 10272, 11552, 10016, 10528, 12320, 11808, 12576, 11808, 11808, 
1481229509, 874294042, 4640, 4640, 5920, 5664, 6176, 5408, 6176, 6688, 6432, 6432, 6176, 7968, 7200, 6432, 7200, 8224, 7968, 8992, 8480, 8480, 9504, 9760, 10016, 8480, 10016, 
1481229529, 839135885, 3616, 3360, 4384, 4128, 3872, 4640, 5408, 5152, 4640, 4896, 5920, 6176, 5920, 4896, 6944, 7200, 6944, 7712, 7200, 7712, 8480, 7712, 8992, 7456, 8736, 
1481229549, 842799901, 3104, 3872, 4640, 4384, 3872, 4384, 5664, 5664, 5408, 6176, 5152, 5920, 6176, 4896, 6688, 6688, 6176, 7968, 8480, 7968, 7200, 7456, 8992, 8736, 8736, 
1481229569, 845068931, 2848, 3616, 4384, 3872, 3360, 4128, 4896, 4896, 4128, 4384, 4640, 5664, 4640, 4640, 5920, 7712, 6688, 6944, 6944, 6944, 6944, 8224, 7968, 7968, 8224, 
1481229589, 847975015, 3360, 3616, 3872, 3872, 3616, 3872, 5408, 4896, 4384, 4640, 5152, 5408, 5152, 4640, 5920, 6176, 6432, 7200, 7456, 7200, 7456, 7456, 8224, 6944, 8224, 
1481229609, 850976943, 2848, 4128, 4384, 3360, 3104, 4128, 4640, 4640, 4384, 4128, 4128, 5664, 5152, 4896, 5664, 5920, 5664, 6432, 6688, 6944, 6944, 7712, 7200, 6944, 8224, 
1481229629, 854135990, 2336, 2848, 3872, 2336, 3104, 3616, 4128, 4640, 3104, 4128, 4384, 5408, 4384, 3360, 4896, 5664, 5664, 6432, 5664, 5408, 6432, 7200, 6944, 5664, 7456, 
1481229649, 857002019, 1312, 2848, 3104, 2336, 2080, 2592, 2848, 3616, 2336, 2848, 3872, 4896, 3872, 3616, 3872, 4640, 4640, 5664, 4640, 5408, 6176, 6688, 6432, 5664, 6432, 
1481229669, 859985113, 1056, 1056, 2080, 2080, 1568, 2592, 2336, 2848, 2080, 1824, 3104, 3616, 2848, 2592, 3616, 5152, 4128, 4384, 4128, 4384, 4896, 5664, 5920, 5664, 5920, 
1481229689, 862961053, 1056, 800, 2336, 1568, 1824, 1824, 3360, 3104, 2848, 2592, 2336, 3872, 2080, 2336, 3360, 3872, 4384, 4384, 4384, 4640, 5408, 6176, 5920, 4128, 5920, 
1481229709, 866403102, 1312, 1312, 1824, 2080, 1312, 1568, 2848, 3360, 2336, 2592, 2848, 3616, 3360, 2592, 1824, 4640, 4128, 4640, 4640, 4128, 5664, 5408, 6688, 5664, 5408, 
1481229729, 869448900, 1056, 544, 1312, 2080, 1568, 1056, 2336, 1824, 1568, 1824, 2080, 2848, 2592, 2592, 3616, 4128, 4384, 4640, 4384, 4128, 5664, 4896, 5408, 5664, 6176, 
1481229749, 872416973, 65311, 65311, 288, 1312, 800, 800, 2080, 2080, 1824, 2080, 1056, 2336, 2080, 2592, 1824, 3104, 2080, 3616, 3872, 3872, 4128, 4896, 5152, 3872, 4896, 
1481229769, 875396966, 5664, 5920, 5152, 6432, 5152, 6944, 6688, 6432, 6176, 5920, 7200, 8224, 7456, 7456, 6944, 7456, 8480, 8224, 8224, 7712, 9248, 10528, 10016, 9504, 9760, 
1481229789, 839828014, 4896, 4896, 4128, 5408, 4896, 5920, 5152, 6432, 5664, 5408, 6176, 5664, 6176, 6432, 6688, 6432, 6432, 6944, 6432, 6432, 7712, 8224, 8992, 8224, 8480, 
1481229809, 842710018, 2336, 2080, 1312, 1568, 1568, 3104, 2336, 2848, 2592, 2080, 4128, 3104, 3104, 3872, 3616, 3872, 5152, 4640, 3872, 4384, 5408, 5920, 5920, 5408, 6176, 
1481229829, 845889091, 65311, 65311, 65311, 32, 65311, 800, 544, 544, 32, 288, 1568, 800, 1312, 1824, 1568, 544, 2848, 1824, 2080, 1312, 2848, 3360, 3360, 3616, 3616, 
1481229849, 848845005, 800, 32, 65311, 32, 65311, 1568, 1056, 1056, 800, 288, 2080, 1312, 1312, 1824, 2080, 1824, 2592, 2592, 1824, 2080, 3360, 4384, 3104, 4128, 4128, 
1481229869, 851705074, 32, 65055, 64543, 65055, 64031, 800, 544, 1056, 65311, 32, 1312, 1568, 1568, 1824, 2080, 800, 2336, 2592, 2336, 1824, 2336, 3360, 3616, 3360, 3616, 
1481229889, 855391025, 64031, 64543, 63263, 64031, 64031, 64543, 64543, 64543, 64287, 64287, 1056, 65311, 65055, 32, 544, 544, 288, 1568, 544, 288, 1824, 1824, 2080, 1568, 2848, 
1481229909, 858603954, 65055, 65311, 65055, 65055, 32, 1568, 288, 288, 544, 544, 1568, 1312, 288, 2080, 1824, 1824, 2336, 2592, 2336, 1824, 3104, 4128, 3616, 3872, 4384, 
1481229929, 861013889, 544, 1056, 1056, 800, 288, 1312, 1312, 2080, 800, 1568, 2592, 2336, 2336, 2336, 2848, 2080, 2848, 3104, 3104, 2336, 3616, 4384, 4896, 5408, 5408, 
1481229949, 864471912, 1312, 2592, 2336, 1824, 1312, 2336, 2336, 2336, 2336, 2336, 3360, 3360, 2592, 3616, 3104, 2848, 3872, 3872, 3360, 4384, 4896, 5408, 5920, 5152, 5408, 
1481229969, 867157936, 6176, 6176, 5664, 6176, 5408, 6432, 6688, 6176, 6176, 6688, 7200, 6176, 6944, 8224, 7456, 7200, 7200, 6944, 8224, 7200, 8224, 8992, 8992, 9248, 8992, 
1481229989, 870484113, 13088, 12320, 12832, 12832, 12576, 13600, 12832, 13856, 13344, 13856, 14368, 13600, 15136, 14368, 14880, 14112, 14880, 14368, 15648, 13344, 15392, 15904, 16928, 16928, 16160, 
1481230009, 873783111, 17440, 17184, 16672, 17440, 16672, 17952, 17184, 17696, 18208, 18208, 18720, 18464, 19232, 18976, 19744, 18208, 19232, 18720, 18464, 19232, 20000, 21024, 20768, 21280, 21792, 
1481230029, 876513004, 16160, 16416, 16672, 16672, 16160, 16416, 16928, 17440, 16416, 17184, 17952, 17952, 17952, 18720, 18976, 18208, 18720, 18720, 18720, 17696, 18464, 19744, 20000, 19744, 20000, 
1481230049, 840742111, 13600, 14624, 13600, 13856, 13344, 14880, 14112, 14880, 14368, 15136, 15392, 15904, 15136, 15648, 16416, 15392, 16672, 16416, 16672, 15904, 16672, 17184, 17184, 17184, 17184, 
1481230069, 843981027, 7712, 8480, 7456, 7712, 6944, 8736, 8736, 8736, 8480, 8224, 9760, 8992, 8224, 8992, 8992, 8992, 8992, 9504, 10528, 9760, 10784, 10784, 10528, 9760, 11296, 
1481230089, 848180055, 7456, 6944, 6688, 6432, 6176, 7968, 7456, 7712, 7456, 7200, 8992, 7712, 7712, 8480, 8224, 9248, 8736, 8736, 9248, 8480, 11808, 10272, 11040, 10016, 10528, 
1481230109, 850050926, 3104, 4640, 3616, 3360, 3872, 5408, 4128, 4640, 4128, 4896, 5152, 5408, 4384, 5408, 4896, 5408, 5920, 5408, 7200, 5920, 7200, 7200, 7200, 7456, 7712, 
1481230129, 853241920, 2592, 3616, 2592, 2080, 2336, 3872, 3616, 3360, 3360, 3616, 4640, 3872, 3360, 4640, 4384, 4640, 5152, 3872, 5664, 4896, 4896, 5920, 6176, 5152, 5664, 
1481230149, 856045007, 5408, 5152, 4128, 4384, 5152, 5408, 5664, 6176, 5152, 6176, 6688, 5408, 5408, 5408, 6176, 6176, 6688, 6432, 7712, 7712, 8224, 8480, 7968, 7712, 8736, 
1481230169, 859107017, 4896, 5408, 5408, 4640, 4384, 5408, 5920, 5920, 5152, 5664, 6432, 5920, 6176, 5664, 6432, 6176, 7968, 6944, 8224, 7712, 8480, 8480, 7968, 7200, 7968, 
1481230189, 862063884, 5664, 5920, 5152, 4640, 5152, 5920, 5920, 6432, 5920, 5920, 6176, 6688, 6176, 6944, 7712, 7200, 8224, 7456, 8480, 8224, 8224, 8736, 8224, 7456, 8736, 
1481230209, 865207910, 4384, 4384, 4128, 4128, 3360, 4896, 5152, 5408, 4896, 5152, 6432, 5920, 4896, 5408, 5920, 6432, 6688, 6432, 7200, 6432, 7712, 7200, 7200, 6432, 7968, 
1481230229, 868163108, 5152, 5920, 5408, 4128, 4896, 5920, 5408, 5664, 5664, 5920, 6176, 5664, 4640, 5408, 6432, 6688, 7200, 6432, 7712, 6944, 8480, 8224, 7712, 6944, 7968, 
1481230249, 871339082, 3360, 2848, 3360, 2848, 3360, 4896, 3360, 4384, 4384, 4384, 3872, 4640, 4384, 3872, 4896, 5920, 4896, 5408, 5920, 6432, 6432, 6432, 7200, 6432, 7456, 
1481230269, 874792098, 2336, 2592, 2592, 1568, 2592, 3104, 1824, 3360, 3104, 3104, 3104, 3104, 3104, 3360, 4384, 4128, 4640, 4384, 4896, 4896, 5152, 4896, 5920, 5152, 6944, 
1481230289, 877324104, 2080, 2848, 2336, 1312, 2848, 3104, 2848, 2848, 3104, 3616, 3616, 3872, 3360, 3104, 4128, 4384, 4640, 4640, 5152, 4640, 5152, 5408, 5920, 5152, 5920, 
1481230309, 842226028, 1312, 1312, 1568, 800, 1824, 1824, 2592, 3360, 2080, 2336, 2592, 2848, 2592, 2336, 3104, 3360, 3872, 3616, 4128, 3872, 4640, 4896, 4640, 3872, 5664, 
1481230329, 845135927, 2592, 2848, 2848, 2080, 2080, 3360, 3104, 3616, 3104, 3872, 3360, 3104, 3616, 3104, 3616, 4128, 4896, 5152, 5152, 3872, 4896, 5408, 5920, 4640, 5664, 
1481230349, 848157882, 2336, 2336, 2336, 1824, 2592, 3104, 2080, 2848, 2336, 3104, 3360, 3104, 2080, 3104, 3616, 3872, 4896, 4128, 5664, 4640, 4896, 6688, 5664, 5152, 5664, 
1481230369, 851111888, 5408, 5920, 5920, 5152, 4896, 5664, 5664, 5152, 5664, 5408, 7200, 5920, 5920, 7712, 6432, 7456, 6176, 6944, 7712, 7200, 9504, 8224, 7968, 9248, 8736, 
1481230389, 853800058, 6944, 8480, 7712, 6944, 7200, 7200, 7968, 6944, 6944, 7712, 8992, 7968, 8224, 8224, 8224, 8992, 8736, 8224, 8736, 9760, 11808, 11040, 10784, 10784, 11552, 
1481230409, 857341051, 4384, 5408, 4640, 4640, 4640, 4384, 5152, 4640, 4128, 4384, 5920, 5152, 4896, 5408, 5408, 5920, 6176, 6176, 6432, 5408, 8736, 7200, 7200, 8480, 7968, 
1481230429, 860158920, 2080, 4128, 3872, 3360, 2592, 2848, 2848, 2848, 2336, 3104, 3616, 3360, 3872, 4640, 2848, 4640, 4896, 5152, 5152, 4128, 5920, 5664, 6176, 6944, 6688, 
1481230449, 863112926, 2848, 2336, 2080, 2848, 1824, 2080, 2848, 2592, 2080, 2336, 3616, 3104, 3616, 3360, 2592, 3360, 3872, 3872, 4640, 3872, 6432, 5664, 5920, 5920, 5920, 
1481230469, 866121053, 1056, 2080, 2336, 2080, 1056, 1568, 3104, 800, 2080, 1568, 2592, 2336, 3104, 2848, 2848, 3360, 3104, 3360, 4128, 4128, 4896, 5664, 5152, 6176, 6176, 
1481230489, 869055986, 1568, 1312, 2080, 1056, 544, 800, 1568, 1056, 1056, 1568, 3104, 2080, 2592, 2848, 1824, 2336, 2080, 3104, 2592, 3104, 5152, 4640, 4128, 4384, 4384, 
1481230509, 872085094, 65311, 288, 544, 65055, 65311, 64799, 288, 65311, 65311, 544, 1568, 32, 1056, 1312, 1056, 2080, 1568, 1312, 1824, 1824, 3872, 3360, 2592, 4896, 4128, 
1481230529, 875184059, 1056, 288, 800, 800, 65311, 800, 1312, 544, 288, 800, 2336, 800, 2336, 2848, 1568, 3104, 2592, 2848, 2336, 2592, 4384, 4640, 4384, 4128, 4384, 
1481230549, 877904891, 32, 288, 544, 288, 288, 800, 544, 800, 800, 800, 1312, 800, 800, 2336, 1312, 2336, 1568, 2336, 3104, 2848, 3872, 3616, 3872, 4640, 3360, 
1481230569, 842643022, 32, 32, 32, 288, 64287, 288, 288, 288, 65311, 65311, 1056, 32, 1824, 1312, 1312, 1824, 1312, 1824, 1824, 2080, 3616, 3616, 3872, 3360, 3872, 
1481230589, 845487117, 64543, 65311, 65055, 64287, 64543, 65055, 65311, 65055, 65055, 288, 544, 64799, 544, 800, 800, 1312, 1312, 1568, 1312, 1312, 3104, 3104, 3104, 2080, 2848, 
1481230609, 848572969, 64287, 64287, 64287, 63775, 63775, 65055, 64543, 63775, 63775, 64287, 32, 64287, 32, 32, 64799, 544, 800, 800, 288, 1056, 2336, 2848, 2080, 1568, 2080, 
1481230629, 851561069, 64287, 65055, 64799, 64031, 64031, 64287, 64543, 64799, 63775, 65055, 544, 32, 288, 65311, 65055, 1056, 288, 1568, 32, 1056, 2336, 1824, 1312, 1824, 3104, 
1481230649, 854747056, 64031, 64799, 64543, 65055, 63263, 32, 64031, 64543, 64799, 64543, 544, 64287, 32, 800, 65055, 1056, 544, 544, 288, 1056, 1824, 1824, 2080, 2592, 2592, 
1481230669, 857844114, 64799, 64799, 63775, 63519, 64287, 32, 64799, 64799, 65311, 64799, 544, 32, 65311, 1312, 32, 800, 32, 1312, 1568, 800, 1824, 2848, 1568, 3616, 3104, 
1481230689, 861042022, 4896, 5408, 5152, 4384, 3872, 4896, 5920, 5920, 6432, 5408, 6176, 6944, 5920, 7456, 6176, 6688, 7456, 7712, 7712, 6944, 8224, 9760, 8224, 9248, 8992, 
1481230709, 864289045, 2080, 2592, 2080, 1056, 1312, 1568, 2592, 3104, 2848, 2080, 2592, 3360, 2848, 3360, 3360, 3360, 3872, 4896, 4896, 4128, 5408, 6688, 5920, 6688, 5920, 
1481230729, 828294038, 64799, 288, 544, 64543, 64287, 288, 32, 800, 288, 65311, 544, 544, 800, 1824, 544, 1312, 1568, 2336, 2336, 1568, 3616, 3872, 2848, 3616, 3104, 
1481230749, 869719028, 65311, 1056, 65311, 64799, 64543, 288, 1312, 800, 800, 544, 1056, 1056, 1056, 1568, 1056, 1568, 1824, 2592, 2336, 1824, 3616, 4384, 2848, 3872, 4128, 
1481230769, 873022079, 64799, 32, 288, 64543, 63775, 64799, 64799, 65055, 32, 65055, 288, 544, 288, 544, 65311, 800, 1568, 2336, 1568, 800, 3104, 3616, 2336, 3104, 3104, 
1481230789, 876055002, 64543, 65311, 64287, 63519, 63007, 64031, 64799, 64799, 64799, 64543, 288, 65311, 32, 1056, 544, 288, 288, 800, 1312, 544, 2080, 2592, 1312, 2080, 2336, 
1481230809, 879048109, 63007, 63263, 64031, 62751, 61983, 63007, 63775, 64031, 63775, 62751, 64287, 64543, 64543, 65311, 64287, 64287, 544, 1312, 800, 65055, 1568, 2336, 800, 1824, 1312, 
1481230829, 843581914, 62239, 64031, 63007, 62751, 62495, 63007, 62751, 64031, 63519, 63263, 64543, 64543, 64031, 288, 64543, 288, 65311, 800, 800, 65055, 800, 1824, 288, 1824, 1824, 
1481230849, 846034049, 61983, 63263, 62751, 62495, 62239, 63263, 63007, 63263, 63775, 64031, 63775, 63519, 63519, 64287, 64287, 64799, 65055, 1056, 63775, 64543, 544, 1568, 800, 1312, 1568, 
1481230869, 849473953, 62239, 62751, 63263, 61471, 62495, 62495, 62495, 62751, 62751, 63007, 63519, 64031, 63519, 64287, 63775, 64287, 63519, 544, 64287, 63519, 544, 544, 32, 288, 544, 
1481230889, 852160930, 61215, 61471, 61727, 60703, 61471, 61471, 61727, 61983, 61471, 62239, 62751, 61983, 62495, 63519, 62495, 64287, 62751, 63775, 63775, 63519, 64543, 65311, 64287, 64799, 32, 
1481230909, 855716943, 62751, 63263, 63007, 61471, 61983, 63007, 62239, 63263, 61983, 63263, 63775, 63263, 64031, 64031, 63519, 64287, 64287, 65055, 64287, 64287, 288, 288, 64799, 32, 32, 
1481230929, 858514070, 62495, 62751, 62239, 61471, 61727, 62495, 62239, 62751, 62751, 62751, 64031, 62751, 63263, 63775, 63263, 64031, 64543, 65311, 64543, 64287, 32, 544, 65055, 288, 288, 
1481230949, 861542940, 62239, 62495, 62495, 63007, 63519, 62495, 62495, 64287, 63775, 63519, 63263, 63519, 64031, 64543, 63519, 63775, 64031, 65055, 64543, 64031, 544, 800, 64799, 800, 544, 
1481230969, 864418029, 58911, 58655, 57887, 58143, 57887, 58911, 59423, 58911, 58143, 59167, 58911, 58911, 59679, 59423, 59167, 59935, 59935, 61471, 60703, 61471, 61727, 61727, 62495, 61983, 61983, 
1481230989, 867764949, 4384, 3360, 3616, 4128, 3616, 4384, 4384, 4896, 4384, 3872, 4640, 5152, 4640, 5664, 5408, 6432, 5664, 7200, 6432, 6432, 8224, 8480, 8224, 8480, 8992, 
1481231009, 870835065, 800, 288, 544, 288, 32, 1568, 2080, 1056, 288, 1312, 1312, 1824, 2336, 1312, 1056, 3104, 2848, 3104, 2336, 2848, 5152, 5152, 5152, 3872, 4640, 
1481231029, 835711002, 65055, 64031, 64543, 65311, 64031, 800, 544, 65311, 800, 32, 288, 288, 288, 1568, 800, 1568, 1312, 1824, 2080, 1824, 2336, 3104, 2848, 2848, 3872, 
1481231049, 876653909, 64287, 64543, 64799, 64543, 64543, 64799, 65055, 65055, 64799, 65311, 544, 65311, 65055, 65055, 32, 1312, 800, 800, 800, 1568, 2336, 2336, 3104, 2080, 3616, 
1481231069, 879533052, 63519, 62495, 62751, 62751, 62751, 63775, 63775, 64287, 63519, 64031, 64287, 65311, 63263, 64287, 63519, 65055, 32, 544, 64799, 65311, 1568, 800, 1824, 1312, 1824, 
1481231089, 844197988, 62495, 61983, 63263, 62495, 62751, 63263, 63775, 63519, 62751, 63775, 63007, 64287, 63519, 63775, 63775, 64287, 64287, 65311, 64543, 64799, 32, 288, 1056, 65311, 288, 
1481231109, 847074031, 63007, 62239, 63775, 63007, 62239, 63263, 63519, 63775, 63263, 63775, 64287, 64287, 63519, 64031, 64543, 65055, 64287, 64543, 65311, 32, 32, 544, 1824, 1312, 1312, 
1481231129, 850039958, 63007, 63519, 64287, 63519, 62495, 64543, 288, 65311, 63775, 63263, 64287, 65055, 64543, 64799, 64543, 800, 64799, 544, 800, 288, 1312, 1312, 1824, 2080, 1568, 
1481231149, 853343963, 62751, 61983, 63263, 62239, 60959, 63775, 63519, 63007, 63007, 62495, 63775, 62495, 63007, 63519, 63263, 65311, 63519, 64799, 65055, 32, 1056, 64799, 544, 800, 800, 
1481231169, 856226921, 62495, 61983, 62751, 63007, 61727, 63519, 64031, 63007, 62751, 62751, 63007, 63519, 63263, 63519, 64031, 64543, 63775, 64543, 64799, 65311, 544, 32, 544, 32, 800, 
1481231189, 858823060, 62239, 63007, 62239, 62751, 61471, 63519, 64031, 63519, 63519, 63263, 64031, 64031, 63263, 63775, 63775, 65055, 64287, 64543, 64543, 288, 1312, 32, 800, 32, 800, 
1481231209, 862312078, 62751, 63007, 62751, 63007, 62239, 64031, 64543, 63519, 63263, 63775, 64543, 64031, 64287, 64799, 63263, 32, 65311, 1312, 544, 544, 1568, 1056, 2080, 1312, 1568, 
1481231229, 865420103, 61727, 61215, 61727, 61727, 60703, 62751, 63519, 62495, 61727, 62239, 63263, 63007, 62751, 62495, 62495, 64287, 64031, 65055, 64287, 65311, 288, 65311, 800, 288, 800, 
1481231249, 868274927, 61727, 62495, 61983, 62239, 61471, 63007, 63263, 63007, 62239, 62239, 63007, 63775, 63007, 62495, 63007, 32, 64799, 65311, 64799, 32, 1056, 32, 1056, 32, 800, 
1481231269, 870986938, 52767, 52255, 52767, 53023, 53023, 53023, 53023, 53023, 54303, 53023, 53791, 53279, 54303, 54047, 53791, 55583, 54303, 54303, 54559, 55071, 55839, 55327, 56351, 55839, 56095, 
1481231289, 874466896, 4128, 3104, 3616, 4384, 3872, 4640, 3872, 4128, 4384, 4128, 4128, 4384, 4896, 5664, 5408, 4896, 5664, 5664, 5920, 5152, 6688, 6944, 8224, 7968, 7712, 
1481231309, 877206087, 64799, 64543, 64287, 64543, 64543, 64799, 64799, 65311, 32, 64799, 288, 65311, 288, 1568, 32, 1056, 1568, 1056, 2336, 800, 3360, 3360, 3872, 2592, 3360, 
1481231329, 880141019, 62495, 61983, 62751, 63007, 61983, 62495, 63775, 63007, 63263, 63007, 64031, 63775, 64031, 65055, 64543, 65311, 65311, 65055, 32, 64543, 800, 800, 1056, 544, 1056, 
1481231349, 845057010, 63263, 62495, 62495, 63263, 63263, 63007, 63263, 63519, 64287, 63519, 63775, 63775, 64031, 32, 64799, 65311, 32, 64799, 65055, 64031, 32, 800, 800, 1056, 1568, 
1481231369, 848114013, 62239, 61983, 62751, 63263, 63007, 62495, 62495, 63519, 63007, 63007, 63775, 63519, 64287, 65311, 64543, 64799, 65311, 65311, 544, 64543, 32, 288, 1312, 544, 1824, 
1481231389, 889153957, 61215, 60959, 61215, 61727, 60959, 61215, 61215, 61471, 61983, 60959, 61727, 61983, 63007, 62751, 63263, 64287, 63263, 62751, 63519, 63007, 32, 64543, 32, 64031, 32, 
1481231409, 892505884, 59423, 60191, 59935, 59935, 59935, 59423, 60191, 60703, 60447, 59679, 60703, 60703, 61215, 61983, 61215, 62495, 63263, 62239, 62495, 61727, 62495, 63775, 63519, 63007, 64031, 
1481231429, 857017993, 59679, 60191, 60447, 61471, 60703, 60191, 60191, 60447, 61983, 60703, 61471, 60447, 62495, 62495, 61471, 63007, 63007, 63007, 63519, 62495, 64031, 63775, 64287, 63519, 64543, 
1481231449, 859980106, 60703, 60703, 60191, 60703, 59423, 60447, 61215, 60703, 61215, 59423, 60959, 61215, 61727, 62495, 61727, 63007, 63007, 61727, 61983, 61727, 63263, 64031, 64287, 63263, 63263, 
1481231469, 863277912, 60191, 60447, 60191, 60447, 59935, 60703, 60959, 60959, 61471, 60447, 61215, 60959, 62495, 63007, 62239, 62495, 63007, 62495, 63519, 61983, 63263, 63519, 64287, 63519, 64287, 
1481231489, 866087913, 59679, 59423, 59423, 59423, 59423, 59167, 59935, 59679, 59935, 59167, 60703, 60191, 60703, 61983, 60959, 61471, 61727, 62239, 61983, 61471, 62495, 62239, 63263, 62751, 63519, 
1481231509, 868901014, 59935, 59423, 59167, 59935, 60191, 59935, 59679, 60447, 60703, 59935, 61471, 60703, 60703, 61983, 61471, 61983, 62239, 62239, 62495, 60959, 63007, 63007, 63519, 63775, 63775, 
1481231529, 872419118, 58655, 59167, 58399, 59679, 59423, 58143, 59679, 59423, 60191, 59167, 59423, 59423, 60703, 60447, 60447, 60703, 61727, 60703, 62495, 60959, 62495, 62751, 62495, 62751, 63263, 
1481231549, 875087976, 59423, 58911, 58143, 58399, 57887, 58911, 58911, 59679, 59935, 58655, 60447, 59423, 59679, 60191, 59423, 61471, 61215, 61471, 61727, 60191, 63775, 63007, 63007, 62751, 61983, 
1481231569, 878005981, 57631, 57375, 56863, 58143, 58399, 57631, 57631, 57887, 59167, 58655, 58911, 58399, 59167, 59935, 59423, 59423, 60191, 59679, 60447, 59935, 60447, 60959, 61215, 60959, 61215, 
1481231589, 842941999, 3360, 3616, 2080, 3104, 2336, 3104, 3872, 3616, 2592, 2336, 3872, 4640, 4384, 4896, 4384, 4640, 5152, 4128, 4640, 5152, 7200, 6432, 6176, 6432, 6432, 
1481231609, 845895051, 65055, 64799, 64799, 64543, 64287, 65055, 65055, 288, 65055, 64031, 800, 32, 800, 544, 288, 1568, 1568, 1312, 800, 1056, 3360, 3104, 3360, 3360, 2592, 
1481231629, 848620891, 61983, 61471, 61471, 61983, 63007, 62751, 63263, 63263, 62495, 62239, 62751, 62495, 63263, 63263, 63519, 63263, 63775, 63519, 63775, 64543, 32, 32, 32, 1056, 288, 
1481231649, 851566076, 60703, 61983, 61471, 61471, 61471, 61215, 62239, 62239, 61215, 60703, 63263, 62751, 62239, 62239, 62751, 63519, 62751, 63007, 62495, 64543, 64799, 63775, 64287, 65311, 65055, 
1481231669, 854441881, 60447, 59935, 61215, 61215, 60447, 61471, 60703, 61215, 60447, 60447, 61215, 61215, 61215, 61215, 61471, 62239, 63007, 62239, 61983, 62239, 64287, 63519, 63263, 64799, 64287, 
1481231689, 857862949, 59935, 60191, 60703, 60191, 59935, 60703, 61727, 60703, 59935, 59935, 60959, 61727, 61215, 61471, 61727, 61983, 62495, 61983, 63007, 62751, 63519, 63263, 63007, 65055, 64543, 
1481231709, 860613107, 60191, 59679, 60191, 59423, 58911, 59935, 59935, 59679, 59167, 58399, 59935, 61215, 60703, 60959, 60959, 61471, 61983, 60703, 60959, 61471, 63007, 63519, 62239, 64031, 63519, 
1481231729, 863434076, 60703, 60959, 61727, 60703, 60703, 61471, 61727, 61471, 60959, 60703, 61983, 61983, 61727, 62751, 62239, 63263, 62239, 62751, 62495, 63007, 64543, 64799, 63775, 65311, 64031, 
1481231749, 866842031, 60191, 60447, 60959, 61471, 60447, 61215, 61727, 60703, 60959, 60447, 60959, 62239, 61215, 62751, 61727, 62239, 62239, 62239, 62751, 62239, 64287, 63775, 63519, 64031, 64799, 
1481231769, 869497060, 60703, 61471, 63519, 61215, 61471, 60959, 61727, 61215, 60959, 60447, 61215, 62751, 62495, 62239, 62751, 62495, 62751, 63007, 62495, 63519, 64543, 64031, 64799, 64543, 64287, 
1481231789, 872809886, 60447, 60447, 62495, 61727, 59679, 61215, 61215, 60959, 60959, 60191, 61215, 60959, 61983, 61983, 61727, 62239, 61471, 62495, 61471, 62495, 63519, 63775, 63775, 64543, 63775, 
1481231809, 875641107, 60703, 60703, 63007, 61215, 60703, 61471, 61215, 61215, 61215, 60447, 61471, 62239, 61983, 62495, 61983, 61983, 62239, 62495, 62751, 62495, 63263, 63775, 63775, 64543, 64287, 
1481231829, 839876890, 60703, 60447, 61471, 59935, 59167, 61215, 61471, 60191, 59935, 59423, 60959, 61471, 60959, 61471, 60959, 61983, 62239, 61983, 61215, 62495, 63263, 63775, 63519, 64031, 63263, 
1481231849, 843121051, 59935, 59679, 61215, 59679, 59167, 60447, 60703, 60959, 59679, 59935, 60191, 61471, 61215, 61471, 60959, 61727, 62239, 62495, 61471, 61727, 63007, 63519, 63775, 63775, 64031, 
1481231869, 846344947, 59423, 59423, 60191, 59935, 58911, 59679, 60191, 59679, 58911, 60191, 59935, 60959, 59423, 60959, 60703, 60959, 60959, 60959, 61215, 62495, 62495, 63263, 62239, 63263, 63263, 
1481231889, 849085092, 544, 1056, 288, 32, 65311, 288, 1056, 1312, 1824, 1568, 1312, 1568, 1824, 2592, 2080, 3104, 2336, 3360, 3104, 3616, 4384, 5408, 4896, 4384, 4128, 
1481231909, 852184057, 64031, 63007, 62495, 63007, 63007, 63263, 63775, 64031, 63519, 62751, 64287, 64031, 64543, 64031, 64031, 800, 65311, 544, 32, 800, 1824, 2080, 1568, 1056, 1824, 
1481231929, 855329036, 58655, 59679, 58911, 59679, 59167, 59423, 59167, 59167, 60959, 59423, 59935, 60191, 59679, 60959, 60703, 60959, 61727, 62239, 61983, 63263, 62495, 63007, 62751, 62751, 63263, 
1481231949, 858508110, 57375, 57631, 57375, 57375, 57375, 57119, 57887, 58143, 57887, 57887, 57631, 57631, 58911, 58911, 57887, 58399, 59935, 60959, 60447, 60447, 60447, 61471, 61471, 61215, 60447, 
1481231969, 861524105, 56863, 56607, 56863, 57631, 56863, 57631, 58143, 57887, 58399, 57631, 57887, 58143, 59167, 59423, 58655, 58911, 59423, 60703, 60191, 60447, 60703, 61983, 60959, 61983, 61727, 
1481231989, 864434957, 55839, 56095, 56095, 56607, 55839, 56351, 56351, 56607, 57375, 56351, 57375, 56863, 57631, 57887, 57631, 57887, 58399, 59167, 59679, 58655, 59679, 60703, 60447, 60703, 60191, 
1481232009, 867516040, 55327, 55327, 55583, 55839, 54303, 55071, 55839, 56607, 55839, 54815, 56351, 56351, 56863, 57375, 56607, 57631, 56863, 59167, 57887, 58143, 59167, 58655, 59679, 58655, 58911, 
