Index, Day, Date, Temp 1, Junk, Temp 2
1, Thu, 04 May 2017 16:10:32 ,28.5187,-1578,28.5187
,,,,,
2, Thu, 04 May 2017 16:19:38 ,29.3562,-1635,29.7562
,,,,,
3, Thu, 04 May 2017 16:28:44 ,27.4312,-1459,29.5812
,,,,,
4, Thu, 04 May 2017 16:37:50 ,27.9375,-1429,29.8875
,,,,,
5, Thu, 04 May 2017 16:46:56 ,29.325,-1274,31.6749
,,,,,
6, Thu, 04 May 2017 16:56:02 ,28.4562,-1223,30.9812
,,,,,
7, Thu, 04 May 2017 17:05:08 ,30.9375,-1373,33.0875
,,,,,
8, Thu, 04 May 2017 17:14:14 ,30.5937,-1314,32.3437
,,,,,
9, Thu, 04 May 2017 17:23:20 ,28.0625,-1261,30.2125
,,,,,
10, Thu, 04 May 2017 17:32:26 ,27.8937,-1429,30.2187
,,,,,
11, Thu, 04 May 2017 17:41:32 ,26.75,-1277,29.275
,,,,,
12, Thu, 04 May 2017 17:50:38 ,28.75,-1370,30.5
,,,,,
13, Thu, 04 May 2017 17:59:44 ,28.95,-1350,30.5
,,,,,
14, Thu, 04 May 2017 18:08:50 ,28.6875,-1350,30.0625
,,,,,
15, Thu, 04 May 2017 18:17:56 ,30.7374,-1385,31.7125
,,,,,
16, Thu, 04 May 2017 18:27:02 ,28.1312,-1239,29.6812
,,,,,
17, Thu, 04 May 2017 18:36:08 ,26.275,-1235,28.225
,,,,,
18, Thu, 04 May 2017 18:45:14 ,25.9625,-1169,27.9125
,,,,,
19, Thu, 04 May 2017 18:54:20 ,23.9937,-1399,26.1437
,,,,,
20, Thu, 04 May 2017 19:03:26 ,25.7062,-1553,27.2562
,,,,,
21, Thu, 04 May 2017 19:12:32 ,27.1875,-1895,28.1625
,,,,,
22, Thu, 04 May 2017 19:21:38 ,26.6,-1539,27.975
,,,,,
23, Thu, 04 May 2017 19:30:43 ,25.3562,-1414,26.9312
,,,,,
24, Thu, 04 May 2017 19:39:49 ,26.3624,-1526,27.5375
,,,,,
25, Thu, 04 May 2017 19:48:55 ,26.1437,-1368,27.3187
,,,,,
26, Thu, 04 May 2017 19:58:01 ,25.6749,-1374,27.025
,,,,,
27, Thu, 04 May 2017 20:07:07 ,25.4874,-1421,26.6625
,,,,,
28, Thu, 04 May 2017 20:16:13 ,26.6875,-1402,27.6625
,,,,,
29, Thu, 04 May 2017 20:25:19 ,26.1749,-1586,27.35
,,,,,
30, Thu, 04 May 2017 20:34:25 ,25.6437,-1441,26.8187
,,,,,
31, Thu, 04 May 2017 20:43:31 ,25.8125,-1380,26.9625
,,,,,
32, Thu, 04 May 2017 20:52:36 ,25.2374,-1359,26.4125
,,,,,
33, Thu, 04 May 2017 21:01:42 ,24.1625,-1816,25.7125
,,,,,
34, Thu, 04 May 2017 21:10:48 ,23.8624,-1423,25.2125
,,,,,
35, Thu, 04 May 2017 21:19:54 ,23.5937,-1410,24.7437
,,,,,
36, Thu, 04 May 2017 21:29:00 ,23.6124,-1440,24.9874
,,,,,
37, Thu, 04 May 2017 21:38:06 ,23.75,-1443,24.9249
,,,,,
38, Thu, 04 May 2017 21:47:11 ,23.5937,-1472,24.5687
,,,,,
39, Thu, 04 May 2017 21:56:17 ,23.3687,-1480,23.9437
,,,,,
40, Thu, 04 May 2017 22:05:23 ,23.3687,-1492,23.5687
,,,,,
41, Thu, 04 May 2017 22:14:29 ,22.85,-1500,23.225
,,,,,
42, Thu, 04 May 2017 22:23:35 ,22.775,-1511,22.975
,,,,,
43, Thu, 04 May 2017 22:32:40 ,22.8187,-1485,22.8187
,,,,,
44, Thu, 04 May 2017 22:41:46 ,22.5375,-1422,22.5375
,,,,,
45, Thu, 04 May 2017 22:50:52 ,22.1,-1489,22.1
,,,,,
46, Thu, 04 May 2017 22:59:58 ,23.3437,-1470,23.1687
,,,,,
47, Thu, 04 May 2017 23:09:03 ,23.7312,-1519,23.5312
,,,,,
48, Thu, 04 May 2017 23:18:09 ,22.9437,-1507,22.9437
,,,,,
49, Thu, 04 May 2017 23:27:15 ,22.6,-1577,22.6
,,,,,
50, Thu, 04 May 2017 23:36:21 ,22.4437,-1550,22.8437
,,,,,
51, Thu, 04 May 2017 23:45:27 ,22.4125,-1475,22.6124
,,,,,
52, Thu, 04 May 2017 23:54:32 ,22.6124,-1559,22.8125
,,,,,
53, Fri, 05 May 2017 00:03:38 ,22.6749,-1551,22.6749
,,,,,
54, Fri, 05 May 2017 00:12:44 ,22.1,-1470,22.1
,,,,,
55, Fri, 05 May 2017 00:21:50 ,22.3937,-1477,22.5937
,,,,,
56, Fri, 05 May 2017 00:30:55 ,22.0687,-1502,22.2687
,,,,,
57, Fri, 05 May 2017 00:40:01 ,22.3624,-1482,22.5625
,,,,,
58, Fri, 05 May 2017 00:49:07 ,22.1,-1500,22.2999
,,,,,
59, Fri, 05 May 2017 00:58:13 ,21.9125,-1436,22.1124
,,,,,
60, Fri, 05 May 2017 01:07:18 ,22.2374,-1407,22.2374
,,,,,
61, Fri, 05 May 2017 01:16:24 ,22.1124,-1435,22.1124
,,,,,
62, Fri, 05 May 2017 01:25:30 ,22.2062,-1477,22.2062
,,,,,
63, Fri, 05 May 2017 01:34:36 ,22.2999,-1450,22.5
,,,,,
64, Fri, 05 May 2017 01:43:42 ,22.0375,-1425,22.2374
,,,,,
65, Fri, 05 May 2017 01:52:47 ,21.9874,-1500,21.9874
,,,,,
66, Fri, 05 May 2017 02:01:53 ,22.0812,-1458,22.2812
,,,,,
67, Fri, 05 May 2017 02:10:59 ,22.1437,-1471,22.3437
,,,,,
68, Fri, 05 May 2017 02:20:05 ,22.0499,-1473,22.0499
,,,,,
69, Fri, 05 May 2017 02:29:10 ,22.1562,-1476,22.1562
,,,,,
70, Fri, 05 May 2017 02:38:16 ,23.25,-1306,23.075
,,,,,
71, Fri, 05 May 2017 02:47:22 ,22.7999,-1756,22.7999
,,,,,
72, Fri, 05 May 2017 02:56:28 ,22.35,-1399,22.5499
,,,,,
73, Fri, 05 May 2017 03:05:33 ,22.5812,-1426,22.7812
,,,,,
74, Fri, 05 May 2017 03:14:39 ,22.8624,-1458,23.0625
,,,,,
75, Fri, 05 May 2017 03:23:45 ,22.4437,-1466,22.6437
,,,,,
76, Fri, 05 May 2017 03:32:51 ,22.2875,-1570,22.4874
,,,,,
77, Fri, 05 May 2017 03:41:57 ,22.7812,-1457,22.7812
,,,,,
78, Fri, 05 May 2017 03:51:02 ,22.7062,-1358,22.9062
,,,,,
79, Fri, 05 May 2017 04:00:08 ,22.6437,-1351,22.8437
,,,,,
80, Fri, 05 May 2017 04:09:14 ,22.7999,-1213,23
,,,,,
81, Fri, 05 May 2017 04:18:20 ,22.4125,-1361,22.6124
,,,,,
82, Fri, 05 May 2017 04:27:26 ,22.4562,-1444,22.4562
,,,,,
83, Fri, 05 May 2017 04:36:31 ,22.4562,-1397,22.6562
,,,,,
84, Fri, 05 May 2017 04:45:37 ,22.6124,-1455,22.6124
,,,,,
85, Fri, 05 May 2017 04:54:43 ,22.1937,-1370,22.3937
,,,,,
86, Fri, 05 May 2017 05:03:49 ,22.3624,-1436,22.5625
,,,,,
87, Fri, 05 May 2017 05:12:54 ,22.75,-1478,22.75
,,,,,
88, Fri, 05 May 2017 05:22:00 ,22.9062,-1400,22.7062
,,,,,
89, Fri, 05 May 2017 05:31:06 ,22.5812,-1452,22.5812
,,,,,
90, Fri, 05 May 2017 05:40:12 ,22.4562,-1414,22.4562
,,,,,
91, Fri, 05 May 2017 05:49:18 ,22.3624,-1437,22.3624
,,,,,
92, Fri, 05 May 2017 05:58:23 ,22.5187,-1413,22.7187
,,,,,
93, Fri, 05 May 2017 06:07:29 ,22.5812,-1379,22.5812
,,,,,
94, Fri, 05 May 2017 06:16:35 ,22.4249,-1433,22.4249
,,,,,
95, Fri, 05 May 2017 06:25:41 ,22.3624,-1399,22.3624
,,,,,
96, Fri, 05 May 2017 06:34:46 ,22.2999,-1420,22.2999
,,,,,
97, Fri, 05 May 2017 06:43:52 ,22.2374,-1449,22.2374
,,,,,
98, Fri, 05 May 2017 06:52:58 ,22.2062,-1451,22.4062
,,,,,
99, Fri, 05 May 2017 07:02:04 ,22.3624,-1402,22.5625
,,,,,
100, Fri, 05 May 2017 07:11:10 ,22.4874,-1442,22.4874
,,,,,
101, Fri, 05 May 2017 07:20:15 ,22.2999,-1418,22.2999
,,,,,
102, Fri, 05 May 2017 07:29:21 ,22.0375,-1469,22.2374
,,,,,
103, Fri, 05 May 2017 07:38:27 ,21.975,-1443,22.1749
,,,,,
104, Fri, 05 May 2017 07:47:33 ,22.3312,-1464,22.5312
,,,,,
105, Fri, 05 May 2017 07:56:39 ,22.4562,-1410,22.6562
,,,,,
106, Fri, 05 May 2017 08:05:44 ,22.6124,-1267,22.8125
,,,,,
107, Fri, 05 May 2017 08:14:50 ,22.6749,-1453,22.6749
,,,,,
108, Fri, 05 May 2017 08:23:56 ,22.35,-1462,22.5499
,,,,,
109, Fri, 05 May 2017 08:33:02 ,22.5812,-1393,22.5812
,,,,,
110, Fri, 05 May 2017 08:42:08 ,22.2875,-1459,22.4874
,,,,,
111, Fri, 05 May 2017 08:51:13 ,22.3624,-1472,22.3624
,,,,,
112, Fri, 05 May 2017 09:00:19 ,22.2687,-1448,22.2687
,,,,,
113, Fri, 05 May 2017 09:09:25 ,22.1749,-1339,22.1749
,,,,,
114, Fri, 05 May 2017 09:18:31 ,22.0812,-1467,22.0812
,,,,,
115, Fri, 05 May 2017 09:27:36 ,21.7562,-1411,21.7562
,,,,,
116, Fri, 05 May 2017 09:36:42 ,21.7374,-1455,21.7374
,,,,,
117, Fri, 05 May 2017 09:45:48 ,21.6124,-1459,21.6124
,,,,,
118, Fri, 05 May 2017 09:54:54 ,21.5499,-1427,21.5499
,,,,,
119, Fri, 05 May 2017 10:04:00 ,21.4874,-1464,21.4874
,,,,,
120, Fri, 05 May 2017 10:13:05 ,21.6562,-1490,21.4562
,,,,,
121, Fri, 05 May 2017 10:22:11 ,21.5312,-1484,21.3312
,,,,,
122, Fri, 05 May 2017 10:31:17 ,21.4687,-1373,21.2687
,,,,,
123, Fri, 05 May 2017 10:40:23 ,21.4062,-1454,21.2062
,,,,,
124, Fri, 05 May 2017 10:49:28 ,21.4062,-1451,21.2062
,,,,,
125, Fri, 05 May 2017 10:58:34 ,21.4375,-1498,21.2374
,,,,,
126, Fri, 05 May 2017 11:07:40 ,21.4375,-1502,21.4375
,,,,,
127, Fri, 05 May 2017 11:16:46 ,21.4562,-1523,21.6562
,,,,,
128, Fri, 05 May 2017 11:25:51 ,21.9062,-1445,21.9062
,,,,,
129, Fri, 05 May 2017 11:34:57 ,21.8624,-1469,21.8624
,,,,,
130, Fri, 05 May 2017 11:44:03 ,21.9249,-1451,21.9249
,,,,,
131, Fri, 05 May 2017 11:53:09 ,21.8937,-1430,21.8937
,,,,,
132, Fri, 05 May 2017 12:02:15 ,22.1562,-1478,21.9562
,,,,,
133, Fri, 05 May 2017 12:11:20 ,22.5937,-1438,22.5937
,,,,,
134, Fri, 05 May 2017 12:20:26 ,22.7999,-1477,22.7999
,,,,,
135, Fri, 05 May 2017 12:29:32 ,26.3062,-1613,26.3062
,,,,,
136, Fri, 05 May 2017 12:38:38 ,27.975,-1574,27.775
,,,,,
137, Fri, 05 May 2017 12:47:44 ,27.3312,-1620,27.3312
,,,,,
138, Fri, 05 May 2017 12:56:50 ,27.6312,-1535,27.8062
,,,,,
139, Fri, 05 May 2017 13:05:56 ,28.525,-2046,28.9
,,,,,
140, Fri, 05 May 2017 13:15:02 ,29.1687,-1614,29.7437
,,,,,
141, Fri, 05 May 2017 13:24:08 ,29.4937,-1436,29.8687
,,,,,
142, Fri, 05 May 2017 13:33:13 ,30.0875,-1581,30.2875
,,,,,
143, Fri, 05 May 2017 13:42:19 ,27.625,-1566,28.4249
,,,,,
144, Fri, 05 May 2017 13:51:25 ,27.0312,-1838,28.4062
,,,,,
145, Fri, 05 May 2017 14:00:31 ,27.4062,-1500,28.5812
,,,,,
146, Fri, 05 May 2017 14:09:37 ,27.125,-1739,28.2999
,,,,,
147, Fri, 05 May 2017 14:18:43 ,27.3562,-1755,28.5312
,,,,,
148, Fri, 05 May 2017 14:27:49 ,27.95,-1308,29.125
,,,,,
149, Fri, 05 May 2017 14:36:55 ,27.6312,-1243,29.2062
,,,,,
150, Fri, 05 May 2017 14:46:01 ,28.1749,-1293,29.5499
,,,,,
151, Fri, 05 May 2017 14:55:07 ,28.475,-1320,29.85
,,,,,
152, Fri, 05 May 2017 15:04:13 ,28.8687,-1713,30.2437
,,,,,
153, Fri, 05 May 2017 15:13:19 ,29.4625,-1327,31.0375
,,,,,
154, Fri, 05 May 2017 15:22:25 ,29.8812,-1195,31.4312
,,,,,
155, Fri, 05 May 2017 15:31:32 ,30.1375,-1296,31.8875
,,,,,
156, Fri, 05 May 2017 15:40:38 ,30.9,-1562,32.65
,,,,,
157, Fri, 05 May 2017 15:49:44 ,31.575,-1131,33.325
,,,,,
158, Fri, 05 May 2017 15:58:50 ,32.1062,-1193,33.8562
,,,,,
159, Fri, 05 May 2017 16:07:56 ,32.7437,-1670,34.6937
,,,,,
160, Fri, 05 May 2017 16:17:02 ,33.15,-1513,35.0999
,,,,,
161, Fri, 05 May 2017 16:26:08 ,33.65,-1278,35.5999
,,,,,
162, Fri, 05 May 2017 16:35:14 ,33.875,-1296,36.025
,,,,,
163, Fri, 05 May 2017 16:44:20 ,33.6062,-1146,35.3562
,,,,,
164, Fri, 05 May 2017 16:53:27 ,31.1124,-1328,32.8624
,,,,,
165, Fri, 05 May 2017 17:02:33 ,33.1937,-1253,35.1437
,,,,,
166, Fri, 05 May 2017 17:11:39 ,32.1812,-1158,33.9312
,,,,,
167, Fri, 05 May 2017 17:20:45 ,31.3125,-1518,33.0625
,,,,,
168, Fri, 05 May 2017 17:29:51 ,29.6124,-1238,31.1875
,,,,,
169, Fri, 05 May 2017 17:38:57 ,31.7999,-1150,33.1749
,,,,,
170, Fri, 05 May 2017 17:48:03 ,32.8125,-1332,34.1875
,,,,,
171, Fri, 05 May 2017 17:57:09 ,31.6749,-1243,33.25
,,,,,
172, Fri, 05 May 2017 18:06:16 ,34.15,-1183,35.7249
,,,,,
173, Fri, 05 May 2017 18:15:22 ,34.625,-1348,36.375
,,,,,
174, Fri, 05 May 2017 18:24:28 ,34.0625,-1304,35.6375
,,,,,
175, Fri, 05 May 2017 18:33:34 ,31.3187,-1293,32.8687
,,,,,
176, Fri, 05 May 2017 18:42:40 ,30.7187,-1193,32.4687
,,,,,
177, Fri, 05 May 2017 18:51:46 ,30.9437,-1354,32.2937
,,,,,
178, Fri, 05 May 2017 19:00:52 ,29.525,-1151,31.075
,,,,,
179, Fri, 05 May 2017 19:09:58 ,31.2125,-1235,32.1875
,,,,,
180, Fri, 05 May 2017 19:19:04 ,29.5499,-1239,30.725
,,,,,
181, Fri, 05 May 2017 19:28:10 ,29.475,-1177,30.65
,,,,,
182, Fri, 05 May 2017 19:37:16 ,32.8437,-1391,33.2437
,,,,,
183, Fri, 05 May 2017 19:46:23 ,30.4687,-1261,31.4437
,,,,,
184, Fri, 05 May 2017 19:55:29 ,30.4187,-1229,31.5937
,,,,,
185, Fri, 05 May 2017 20:04:35 ,31.5375,-1313,32.8875
,,,,,
186, Fri, 05 May 2017 20:13:41 ,32.0812,-1290,33.0562
,,,,,
187, Fri, 05 May 2017 20:22:47 ,32.0499,-1262,33.025
,,,,,
188, Fri, 05 May 2017 20:31:53 ,32.1624,-1271,32.9375
,,,,,
189, Fri, 05 May 2017 20:40:59 ,30.7937,-1273,31.3687
,,,,,
190, Fri, 05 May 2017 20:50:05 ,33.2187,-1281,33.4187
,,,,,
191, Fri, 05 May 2017 20:59:11 ,30.9187,-1152,31.8937
,,,,,
192, Fri, 05 May 2017 21:08:17 ,31.95,-1100,33.325
,,,,,
193, Fri, 05 May 2017 21:17:23 ,32.2812,-1136,33.0562
,,,,,
194, Fri, 05 May 2017 21:26:30 ,29.5562,-1119,30.1312
,,,,,
195, Fri, 05 May 2017 21:35:36 ,30.1124,-1118,31.6875
,,,,,
196, Fri, 05 May 2017 21:44:42 ,30.0062,-1296,31.1812
,,,,,
197, Fri, 05 May 2017 21:53:48 ,29.7937,-1246,30.5937
,,,,,
198, Fri, 05 May 2017 22:02:54 ,30.1875,-1146,30.3875
,,,,,
199, Fri, 05 May 2017 22:12:00 ,26.7437,-1168,27.5187
,,,,,
200, Fri, 05 May 2017 22:21:06 ,26.45,-1315,28
,,,,,
201, Fri, 05 May 2017 22:30:12 ,25.9187,-1437,27.0937
,,,,,
202, Fri, 05 May 2017 22:39:18 ,26.3187,-1135,27.4937
,,,,,
203, Fri, 05 May 2017 22:48:23 ,26.0937,-1540,26.8687
,,,,,
204, Fri, 05 May 2017 22:57:29 ,25.575,-1566,26.5499
,,,,,
205, Fri, 05 May 2017 23:06:35 ,24.6812,-1388,25.4562
,,,,,
206, Fri, 05 May 2017 23:15:41 ,23.9687,-1460,24.7437
,,,,,
207, Fri, 05 May 2017 23:24:47 ,23.825,-1449,24.4
,,,,,
208, Fri, 05 May 2017 23:33:53 ,24.025,-1414,24.225
,,,,,
209, Fri, 05 May 2017 23:42:58 ,23.4437,-1393,23.8187
,,,,,
210, Fri, 05 May 2017 23:52:04 ,23.4437,-1404,23.4437
,,,,,
211, Sat, 06 May 2017 00:01:10 ,23.3812,-1491,23.5812
,,,,,
212, Sat, 06 May 2017 00:10:16 ,23.3187,-1478,23.5187
,,,,,
213, Sat, 06 May 2017 00:19:22 ,23.3937,-1457,23.3937
,,,,,
214, Sat, 06 May 2017 00:28:27 ,22.8187,-1432,23.0187
,,,,,
215, Sat, 06 May 2017 00:37:33 ,22.6625,-1369,22.8624
,,,,,
216, Sat, 06 May 2017 00:46:39 ,22.6749,-1450,22.6749
,,,,,
217, Sat, 06 May 2017 00:55:45 ,22.6437,-1500,22.6437
,,,,,
218, Sat, 06 May 2017 01:04:50 ,22.5812,-1457,22.7812
,,,,,
219, Sat, 06 May 2017 01:13:56 ,22.4874,-1425,22.4874
,,,,,
220, Sat, 06 May 2017 01:23:02 ,22.3624,-1439,22.3624
,,,,,
221, Sat, 06 May 2017 01:32:08 ,22.1437,-1438,22.1437
,,,,,
222, Sat, 06 May 2017 01:41:13 ,22.1875,-1493,21.9874
,,,,,
223, Sat, 06 May 2017 01:50:19 ,22.0312,-1445,21.8312
,,,,,
224, Sat, 06 May 2017 01:59:25 ,21.7999,-1473,21.7999
,,,,,
225, Sat, 06 May 2017 02:08:31 ,21.9375,-1469,21.7374
,,,,,
226, Sat, 06 May 2017 02:17:36 ,21.8125,-1441,21.6124
,,,,,
227, Sat, 06 May 2017 02:26:42 ,21.8125,-1441,21.8125
,,,,,
228, Sat, 06 May 2017 02:35:48 ,21.75,-1417,21.5499
,,,,,
229, Sat, 06 May 2017 02:44:54 ,21.625,-1430,21.4249
,,,,,
230, Sat, 06 May 2017 02:53:59 ,21.5,-1443,21.2999
,,,,,
231, Sat, 06 May 2017 03:03:05 ,21.1749,-1444,21.1749
,,,,,
232, Sat, 06 May 2017 03:12:11 ,21.2187,-1456,21.0187
,,,,,
233, Sat, 06 May 2017 03:21:17 ,21.0937,-1457,20.8937
,,,,,
234, Sat, 06 May 2017 03:30:22 ,20.9687,-1468,20.7687
,,,,,
235, Sat, 06 May 2017 03:39:28 ,20.8437,-1430,20.6437
,,,,,
236, Sat, 06 May 2017 03:48:34 ,21.0437,-1464,20.6437
,,,,,
237, Sat, 06 May 2017 03:57:39 ,21.0125,-1410,20.8125
,,,,,
238, Sat, 06 May 2017 04:06:45 ,21.0125,-1501,20.8125
,,,,,
239, Sat, 06 May 2017 04:15:51 ,20.75,-1477,20.5499
,,,,,
240, Sat, 06 May 2017 04:24:57 ,20.6562,-1427,20.4562
,,,,,
241, Sat, 06 May 2017 04:34:02 ,20.5625,-1455,20.3624
,,,,,
242, Sat, 06 May 2017 04:43:08 ,20.2374,-1490,20.2374
,,,,,
243, Sat, 06 May 2017 04:52:14 ,20.3125,-1446,20.1124
,,,,,
244, Sat, 06 May 2017 05:01:19 ,21.6812,-1471,21.6812
,,,,,
245, Sat, 06 May 2017 05:10:25 ,22.8687,-1443,22.8687
,,,,,
246, Sat, 06 May 2017 05:19:31 ,22.6875,-1464,22.5125
,,,,,
247, Sat, 06 May 2017 05:28:37 ,22.5437,-1442,22.3437
,,,,,
248, Sat, 06 May 2017 05:37:43 ,22.4062,-1441,22.4062
,,,,,
249, Sat, 06 May 2017 05:46:48 ,22.5,-1436,22.5
,,,,,
250, Sat, 06 May 2017 05:55:54 ,22.5625,-1431,22.5625
,,,,,
251, Sat, 06 May 2017 06:05:00 ,22.3937,-1439,22.3937
,,,,,
252, Sat, 06 May 2017 06:14:06 ,22.3312,-1426,22.5312
,,,,,
253, Sat, 06 May 2017 06:23:11 ,22.2999,-1417,22.2999
,,,,,
254, Sat, 06 May 2017 06:32:17 ,21.8812,-1397,21.8812
,,,,,
255, Sat, 06 May 2017 06:41:23 ,21.6,-1391,21.7999
,,,,,
256, Sat, 06 May 2017 06:50:29 ,21.4437,-1420,21.6437
,,,,,
257, Sat, 06 May 2017 06:59:34 ,21.225,-1349,21.4249
,,,,,
258, Sat, 06 May 2017 07:08:40 ,20.975,-1372,21.1749
,,,,,
259, Sat, 06 May 2017 07:17:46 ,20.9562,-1426,20.9562
,,,,,
260, Sat, 06 May 2017 07:26:52 ,20.7062,-1416,20.7062
,,,,,
261, Sat, 06 May 2017 07:35:57 ,20.3624,-1469,20.3624
,,,,,
262, Sat, 06 May 2017 07:45:03 ,20.0499,-1409,19.85
,,,,,
263, Sat, 06 May 2017 07:54:09 ,19.8312,-1432,19.8312
,,,,,
264, Sat, 06 May 2017 08:03:15 ,19.5812,-2752,19.5812
,,,,,
265, Sat, 06 May 2017 08:12:20 ,19.3624,-1357,19.3624
,,,,,
266, Sat, 06 May 2017 08:21:26 ,19.2687,-1620,19.2687
,,,,,
267, Sat, 06 May 2017 08:30:32 ,20.9312,-1525,20.9312
,,,,,
268, Sat, 06 May 2017 08:39:37 ,22.275,-1500,22.275
,,,,,
269, Sat, 06 May 2017 08:48:43 ,22.2812,-1491,22.1062
,,,,,
270, Sat, 06 May 2017 08:57:49 ,21.9062,-1446,21.7062
,,,,,
271, Sat, 06 May 2017 09:06:55 ,21.1124,-1395,20.9125
,,,,,
272, Sat, 06 May 2017 09:16:00 ,20.6437,-1443,20.6437
,,,,,
273, Sat, 06 May 2017 09:25:06 ,20.1937,-1441,20.1937
,,,,,
274, Sat, 06 May 2017 09:34:12 ,19.9562,-1592,19.7562
,,,,,
275, Sat, 06 May 2017 09:43:18 ,19.6749,-1492,19.6749
,,,,,
276, Sat, 06 May 2017 09:52:23 ,19.6124,-1732,19.6124
,,,,,
277, Sat, 06 May 2017 10:01:29 ,20.375,-1470,20.375
,,,,,
278, Sat, 06 May 2017 10:10:35 ,21.775,-1475,21.775
,,,,,
279, Sat, 06 May 2017 10:19:40 ,22.9312,-1515,22.9312
,,,,,
280, Sat, 06 May 2017 10:28:46 ,23.075,-1479,22.7
,,,,,
281, Sat, 06 May 2017 10:37:52 ,22.7937,-1441,22.7937
,,,,,
282, Sat, 06 May 2017 10:46:58 ,22.0062,-1404,22.0062
,,,,,
283, Sat, 06 May 2017 10:56:03 ,21.1812,-1371,21.1812
,,,,,
284, Sat, 06 May 2017 11:05:09 ,20.8812,-1443,20.8812
,,,,,
285, Sat, 06 May 2017 11:14:15 ,20.5687,-1442,20.5687
,,,,,
286, Sat, 06 May 2017 11:23:21 ,20.225,-1429,20.225
,,,,,
287, Sat, 06 May 2017 11:32:26 ,20.2687,-1430,20.2687
,,,,,
288, Sat, 06 May 2017 11:41:32 ,20.2062,-1435,20.2062
,,,,,
289, Sat, 06 May 2017 11:50:38 ,19.9125,-1416,19.9125
,,,,,
290, Sat, 06 May 2017 11:59:44 ,19.725,-1450,19.725
,,,,,
291, Sat, 06 May 2017 12:08:49 ,19.5375,-1532,19.7374
,,,,,
292, Sat, 06 May 2017 12:17:55 ,20.5125,-1445,20.5125
,,,,,
293, Sat, 06 May 2017 12:27:01 ,21.8375,-1489,21.6375
,,,,,
294, Sat, 06 May 2017 12:36:07 ,22.8375,-1473,22.6375
,,,,,
295, Sat, 06 May 2017 12:45:12 ,23.5125,-1497,23.1375
,,,,,
296, Sat, 06 May 2017 12:54:18 ,23.5437,-1458,23.3437
,,,,,
297, Sat, 06 May 2017 13:03:24 ,24.3125,-1485,24.1375
,,,,,
298, Sat, 06 May 2017 13:12:30 ,24.6562,-1506,24.4562
,,,,,
299, Sat, 06 May 2017 13:21:36 ,24.4249,-1411,24.4249
,,,,,
300, Sat, 06 May 2017 13:30:41 ,25.1124,-1436,24.9125
,,,,,
301, Sat, 06 May 2017 13:39:47 ,24.8062,-1389,24.8062
,,,,,
302, Sat, 06 May 2017 13:48:53 ,25.3312,-1462,25.1312
,,,,,
303, Sat, 06 May 2017 13:57:59 ,25.725,-1486,25.725
,,,,,
304, Sat, 06 May 2017 14:07:05 ,25.7125,-1493,25.7125
,,,,,
305, Sat, 06 May 2017 14:16:11 ,24.6812,-1422,24.8812
,,,,,
306, Sat, 06 May 2017 14:25:16 ,24.2437,-1423,24.2437
,,,,,
307, Sat, 06 May 2017 14:34:22 ,24.225,-1452,24.225
,,,,,
308, Sat, 06 May 2017 14:43:28 ,23.9937,-1426,23.9937
,,,,,
309, Sat, 06 May 2017 14:52:34 ,23.6187,-1372,23.8187
,,,,,
310, Sat, 06 May 2017 15:01:40 ,23.7562,-1441,23.7562
,,,,,
311, Sat, 06 May 2017 15:10:46 ,23.7562,-1391,23.7562
,,,,,
312, Sat, 06 May 2017 15:19:51 ,23.85,-1394,23.85
,,,,,
313, Sat, 06 May 2017 15:28:57 ,23.8062,-1414,24.0062
,,,,,
314, Sat, 06 May 2017 15:38:03 ,24.5812,-1458,24.3812
,,,,,
315, Sat, 06 May 2017 15:47:09 ,25.9562,-1420,25.7562
,,,,,
316, Sat, 06 May 2017 15:56:15 ,27.5187,-1604,27.3187
,,,,,
317, Sat, 06 May 2017 16:05:21 ,30.0375,-1261,29.8375
,,,,,
318, Sat, 06 May 2017 16:14:27 ,29.9375,-1435,29.9375
,,,,,
319, Sat, 06 May 2017 16:23:33 ,30.8375,-1408,31.2125
,,,,,
320, Sat, 06 May 2017 16:32:39 ,31.6937,-1388,31.8687
,,,,,
321, Sat, 06 May 2017 16:41:45 ,32.0625,-1377,32.4625
,,,,,
322, Sat, 06 May 2017 16:50:51 ,31.95,-1353,32.525
,,,,,
323, Sat, 06 May 2017 16:59:57 ,30.9687,-1287,31.7687
,,,,,
324, Sat, 06 May 2017 17:09:03 ,31.1687,-1322,31.7687
,,,,,
325, Sat, 06 May 2017 17:18:09 ,32.2999,-1310,32.875
,,,,,
326, Sat, 06 May 2017 17:27:15 ,33.6312,-1292,33.8312
,,,,,
327, Sat, 06 May 2017 17:36:21 ,31.8375,-1266,32.8125
,,,,,
328, Sat, 06 May 2017 17:45:27 ,30.5187,-1220,31.6937
,,,,,
329, Sat, 06 May 2017 17:54:33 ,34.2625,-1327,35.0625
,,,,,
330, Sat, 06 May 2017 18:03:39 ,30.5312,-1253,31.7062
,,,,,
331, Sat, 06 May 2017 18:12:45 ,32.4625,-1366,33.6375
,,,,,
332, Sat, 06 May 2017 18:21:52 ,29.4562,-1248,30.8312
,,,,,
333, Sat, 06 May 2017 18:30:58 ,28.725,-1170,29.7
,,,,,
334, Sat, 06 May 2017 18:40:04 ,31.8187,-1244,32.2187
,,,,,
335, Sat, 06 May 2017 18:49:10 ,32.9437,-1262,33.5187
,,,,,
336, Sat, 06 May 2017 18:58:16 ,28.5687,-1290,29.9187
,,,,,
337, Sat, 06 May 2017 19:07:22 ,30.25,-1342,30.625
,,,,,
338, Sat, 06 May 2017 19:16:28 ,30.5687,-1335,30.5687
,,,,,
339, Sat, 06 May 2017 19:25:34 ,27.0812,-1399,27.6562
,,,,,
340, Sat, 06 May 2017 19:34:40 ,27.2374,-1984,27.6124
,,,,,
341, Sat, 06 May 2017 19:43:45 ,28.1749,-1041,28.375
,,,,,
342, Sat, 06 May 2017 19:52:51 ,30.2437,-1396,30.4437
,,,,,
343, Sat, 06 May 2017 20:01:57 ,30.6437,-1301,31.6187
,,,,,
344, Sat, 06 May 2017 20:11:04 ,30.35,-1339,31.525
,,,,,
345, Sat, 06 May 2017 20:20:10 ,26.9062,-1321,28.4812
,,,,,
346, Sat, 06 May 2017 20:29:15 ,26.6562,-2324,27.6562
,,,,,
347, Sat, 06 May 2017 20:38:21 ,27.0812,-1257,27.4812
,,,,,
348, Sat, 06 May 2017 20:47:27 ,30.4062,-1382,29.8312
,,,,,
349, Sat, 06 May 2017 20:56:33 ,26.6937,-1324,27.6687
,,,,,
350, Sat, 06 May 2017 21:05:39 ,25.9812,-1363,26.9562
,,,,,
351, Sat, 06 May 2017 21:14:45 ,26.4249,-1625,26.7999
,,,,,
352, Sat, 06 May 2017 21:23:51 ,29.475,-2254,28.9
,,,,,
353, Sat, 06 May 2017 21:32:57 ,26.6937,-1394,27.4687
,,,,,
354, Sat, 06 May 2017 21:42:03 ,26.9937,-1805,27.5937
,,,,,
355, Sat, 06 May 2017 21:51:09 ,25.8687,-1527,26.4687
,,,,,
356, Sat, 06 May 2017 22:00:15 ,25.8125,-1474,26.1875
,,,,,
357, Sat, 06 May 2017 22:09:21 ,25.7374,-1406,26.1375
,,,,,
358, Sat, 06 May 2017 22:18:26 ,25.3624,-1356,25.7625
,,,,,
359, Sat, 06 May 2017 22:27:32 ,25.1124,-1455,25.5125
,,,,,
360, Sat, 06 May 2017 22:36:38 ,27.0062,-1414,26.8062
,,,,,
361, Sat, 06 May 2017 22:45:44 ,24.9375,-1304,25.5375
,,,,,
362, Sat, 06 May 2017 22:54:50 ,24.475,-1381,25.0499
,,,,,
363, Sat, 06 May 2017 23:03:56 ,23.5187,-1407,23.9187
,,,,,
364, Sat, 06 May 2017 23:13:02 ,23.4187,-1401,23.8187
,,,,,
365, Sat, 06 May 2017 23:22:07 ,22.325,-1449,22.725
,,,,,
366, Sat, 06 May 2017 23:31:13 ,22.1187,-1423,22.1187
,,,,,
367, Sat, 06 May 2017 23:40:19 ,21.6312,-1437,21.6312
,,,,,
368, Sat, 06 May 2017 23:49:25 ,21.0375,-1458,21.0375
,,,,,
369, Sat, 06 May 2017 23:58:30 ,20.6749,-1462,20.6749
,,,,,
370, Sun, 07 May 2017 00:07:36 ,20.4125,-1454,20.6124
,,,,,
371, Sun, 07 May 2017 00:16:42 ,20.1937,-1412,20.1937
,,,,,
372, Sun, 07 May 2017 00:25:47 ,19.9125,-1438,19.9125
,,,,,
373, Sun, 07 May 2017 00:43:59 ,19.4562,-1390,19.2562
,,,,,
374, Sun, 07 May 2017 00:53:04 ,19.2374,-1382,19.2374
,,,,,
375, Sun, 07 May 2017 01:02:10 ,20.125,-1323,20.125
,,,,,
376, Sun, 07 May 2017 01:11:16 ,21.8187,-1487,21.6187
,,,,,
377, Sun, 07 May 2017 01:20:21 ,22.7125,-1468,22.5125
,,,,,
378, Sun, 07 May 2017 01:29:27 ,22.4687,-1448,22.2937
,,,,,
379, Sun, 07 May 2017 01:38:33 ,22.125,-1410,22.125
,,,,,
380, Sun, 07 May 2017 01:47:39 ,21.3312,-1412,21.1312
,,,,,
381, Sun, 07 May 2017 01:56:44 ,20.8624,-1372,20.6625
,,,,,
382, Sun, 07 May 2017 02:05:50 ,20.4249,-1432,20.225
,,,,,
383, Sun, 07 May 2017 02:14:56 ,20.0812,-1417,19.8812
,,,,,
384, Sun, 07 May 2017 02:24:02 ,19.7687,-1188,19.7687
,,,,,
385, Sun, 07 May 2017 02:33:07 ,19.4562,-1351,19.4562
,,,,,
386, Sun, 07 May 2017 02:42:13 ,19.0062,-1413,19.2062
,,,,,
387, Sun, 07 May 2017 02:51:19 ,20.0937,-1517,20.0937
,,,,,
388, Sun, 07 May 2017 03:00:24 ,21.725,-1470,21.525
,,,,,
389, Sun, 07 May 2017 03:09:30 ,22.5562,-1429,22.3562
,,,,,
390, Sun, 07 May 2017 03:18:36 ,22.2312,-1426,22.2312
,,,,,
391, Sun, 07 May 2017 03:27:42 ,22.0625,-1420,21.8624
,,,,,
392, Sun, 07 May 2017 03:36:47 ,21.3937,-1424,21.1937
,,,,,
393, Sun, 07 May 2017 03:45:53 ,20.9249,-1415,20.725
,,,,,
394, Sun, 07 May 2017 03:54:59 ,20.4562,-1351,20.2562
,,,,,
395, Sun, 07 May 2017 04:04:04 ,19.8937,-1330,19.6937
,,,,,
396, Sun, 07 May 2017 04:13:10 ,19.3937,-1470,19.1937
,,,,,
397, Sun, 07 May 2017 04:22:16 ,18.9874,-1434,18.9874
,,,,,
398, Sun, 07 May 2017 04:31:22 ,20.125,-1413,20.325
,,,,,
399, Sun, 07 May 2017 04:40:27 ,21.3375,-1439,21.3375
,,,,,
400, Sun, 07 May 2017 04:49:33 ,22.3687,-1441,22.3687
,,,,,
401, Sun, 07 May 2017 04:58:39 ,22.3125,-1414,22.1375
,,,,,
402, Sun, 07 May 2017 05:07:44 ,21.8437,-1401,21.8437
,,,,,
403, Sun, 07 May 2017 05:16:50 ,21.5187,-1359,21.5187
,,,,,
404, Sun, 07 May 2017 05:25:56 ,21.3312,-1356,21.3312
,,,,,
405, Sun, 07 May 2017 05:35:02 ,20.8187,-1414,21.0187
,,,,,
406, Sun, 07 May 2017 05:44:07 ,20.6124,-1395,20.4125
,,,,,
407, Sun, 07 May 2017 05:53:13 ,19.975,-1413,19.975
,,,,,
408, Sun, 07 May 2017 06:02:19 ,20.25,-1396,20.25
,,,,,
409, Sun, 07 May 2017 06:11:25 ,21.125,-1344,21.125
,,,,,
410, Sun, 07 May 2017 06:20:30 ,22.3687,-1439,22.1687
,,,,,
411, Sun, 07 May 2017 06:29:36 ,22.7312,-1401,22.5312
,,,,,
412, Sun, 07 May 2017 06:38:42 ,22.4687,-1395,22.2937
,,,,,
413, Sun, 07 May 2017 06:47:48 ,22.125,-1368,22.125
,,,,,
414, Sun, 07 May 2017 06:56:53 ,21.7687,-1398,21.7687
,,,,,
415, Sun, 07 May 2017 07:05:59 ,21.5812,-1402,21.5812
,,,,,
416, Sun, 07 May 2017 07:15:05 ,21.3312,-1395,21.3312
,,,,,
417, Sun, 07 May 2017 07:24:11 ,20.8812,-1382,21.0812
,,,,,
418, Sun, 07 May 2017 07:33:16 ,20.5687,-1356,20.5687
,,,,,
419, Sun, 07 May 2017 07:42:22 ,20.1625,-1420,20.1625
,,,,,
420, Sun, 07 May 2017 07:51:28 ,19.7875,-1386,19.7875
,,,,,
421, Sun, 07 May 2017 08:00:33 ,20.8125,-1347,20.8125
,,,,,
422, Sun, 07 May 2017 08:09:39 ,22.1812,-1405,22.1812
,,,,,
423, Sun, 07 May 2017 08:18:45 ,22.7312,-1415,22.5312
,,,,,
424, Sun, 07 May 2017 08:27:51 ,22.7187,-1416,22.5437
,,,,,
425, Sun, 07 May 2017 08:36:56 ,22.4375,-1393,22.4375
,,,,,
426, Sun, 07 May 2017 08:46:02 ,22.0499,-1318,22.0499
,,,,,
427, Sun, 07 May 2017 08:55:08 ,21.225,-1378,21.225
,,,,,
428, Sun, 07 May 2017 09:04:14 ,21.0187,-1360,20.8187
,,,,,
429, Sun, 07 May 2017 09:13:19 ,20.7999,-1384,20.7999
,,,,,
430, Sun, 07 May 2017 09:22:25 ,20.5812,-1426,20.5812
,,,,,
431, Sun, 07 May 2017 09:31:31 ,20.3312,-1390,20.3312
,,,,,
432, Sun, 07 May 2017 09:40:37 ,19.8812,-1408,20.0812
,,,,,
433, Sun, 07 May 2017 09:49:42 ,19.6312,-1347,19.6312
,,,,,
434, Sun, 07 May 2017 09:58:48 ,19.3812,-1634,19.3812
,,,,,
435, Sun, 07 May 2017 10:07:54 ,19.4874,-1506,19.4874
,,,,,
436, Sun, 07 May 2017 10:16:59 ,20.8562,-1386,20.8562
,,,,,
437, Sun, 07 May 2017 10:26:05 ,22.475,-1480,22.275
,,,,,
438, Sun, 07 May 2017 10:35:11 ,22.9625,-1397,22.5625
,,,,,
439, Sun, 07 May 2017 10:44:17 ,22.7812,-1442,22.6062
,,,,,
440, Sun, 07 May 2017 10:53:22 ,22.5312,-1351,22.3312
,,,,,
441, Sun, 07 May 2017 11:02:28 ,21.7562,-1358,21.7562
,,,,,
442, Sun, 07 May 2017 11:11:34 ,21.6437,-1403,21.4437
,,,,,
443, Sun, 07 May 2017 11:20:40 ,21.3624,-1361,21.1625
,,,,,
444, Sun, 07 May 2017 11:29:45 ,21.5,-1363,21.5
,,,,,
445, Sun, 07 May 2017 11:38:51 ,21.6437,-1397,21.6437
,,,,,
446, Sun, 07 May 2017 11:47:57 ,21.6437,-1384,21.6437
,,,,,
447, Sun, 07 May 2017 11:57:03 ,21.4125,-1419,21.4125
,,,,,
448, Sun, 07 May 2017 12:06:08 ,21.7687,-1379,21.5687
,,,,,
449, Sun, 07 May 2017 12:15:14 ,23,-1468,23
,,,,,
450, Sun, 07 May 2017 12:24:20 ,23.6562,-1420,23.6562
,,,,,
451, Sun, 07 May 2017 12:33:26 ,24.2312,-1457,24.4062
,,,,,
452, Sun, 07 May 2017 12:42:32 ,23.2437,-1374,23.4437
,,,,,
453, Sun, 07 May 2017 12:51:37 ,23.1,-1361,23.275
,,,,,
454, Sun, 07 May 2017 13:00:43 ,23.4625,-1357,23.4625
,,,,,
455, Sun, 07 May 2017 13:09:49 ,24.5,-1438,24.5
,,,,,
456, Sun, 07 May 2017 13:18:55 ,24.7437,-1429,24.7437
,,,,,
457, Sun, 07 May 2017 13:28:01 ,26.4125,-1429,26.4125
,,,,,
458, Sun, 07 May 2017 13:37:07 ,25.5437,-1438,25.7437
,,,,,
459, Sun, 07 May 2017 13:46:12 ,28.4375,-1595,28.4375
,,,,,
460, Sun, 07 May 2017 13:55:18 ,27.8375,-2105,27.8375
,,,,,
461, Sun, 07 May 2017 14:04:24 ,29.3062,-1558,29.3062
,,,,,
462, Sun, 07 May 2017 14:13:30 ,29.1437,-1294,29.5437
,,,,,
463, Sun, 07 May 2017 14:22:36 ,29.5625,-1398,30.3375
,,,,,
464, Sun, 07 May 2017 14:31:42 ,29.2,-1322,30
,,,,,
465, Sun, 07 May 2017 14:40:48 ,30.0625,-1404,31.0375
,,,,,
466, Sun, 07 May 2017 14:49:54 ,30.7374,-1509,31.9125
,,,,,
467, Sun, 07 May 2017 14:59:00 ,29.875,-1318,31.0499
,,,,,
468, Sun, 07 May 2017 15:08:06 ,31.5375,-1274,32.5125
,,,,,
469, Sun, 07 May 2017 15:17:12 ,32.0937,-1285,33.2687
,,,,,
470, Sun, 07 May 2017 15:26:18 ,30.4125,-1275,31.7625
,,,,,
471, Sun, 07 May 2017 15:35:24 ,31.2875,-1220,32.6375
,,,,,
472, Sun, 07 May 2017 15:44:31 ,32.7312,-1287,33.7062
,,,,,
473, Sun, 07 May 2017 15:53:37 ,32.0999,-1266,33.65
,,,,,
474, Sun, 07 May 2017 16:02:43 ,32.7437,-1216,34.3187
,,,,,
475, Sun, 07 May 2017 16:11:49 ,31.1812,-1237,32.9312
,,,,,
476, Sun, 07 May 2017 16:20:55 ,29.0375,-1170,30.7875
,,,,,
477, Sun, 07 May 2017 16:30:01 ,33.7187,-1358,34.8687
,,,,,
478, Sun, 07 May 2017 16:39:07 ,31.4437,-1226,32.9937
,,,,,
479, Sun, 07 May 2017 16:48:13 ,32.2,-1174,33.575
,,,,,
480, Sun, 07 May 2017 16:57:19 ,32.65,-1226,34.2
,,,,,
481, Sun, 07 May 2017 17:06:25 ,34.1562,-1306,35.7062
,,,,,
482, Sun, 07 May 2017 17:15:32 ,33.1187,-1242,34.6937
,,,,,
483, Sun, 07 May 2017 17:24:38 ,32.025,-1215,33.5999
,,,,,
484, Sun, 07 May 2017 17:33:44 ,33.1437,-1315,34.5187
,,,,,
485, Sun, 07 May 2017 17:42:50 ,32.9187,-1269,33.8937
,,,,,
486, Sun, 07 May 2017 17:51:56 ,30.4687,-1161,32.2187
,,,,,
487, Sun, 07 May 2017 18:01:02 ,29.6625,-1237,31.4125
,,,,,
488, Sun, 07 May 2017 18:10:08 ,33.125,-1329,34.0999
,,,,,
489, Sun, 07 May 2017 18:19:14 ,31.375,-1245,32.5499
,,,,,
490, Sun, 07 May 2017 18:28:20 ,31.4562,-1236,32.6312
,,,,,
491, Sun, 07 May 2017 18:37:26 ,32.3562,-1205,33.1312
,,,,,
492, Sun, 07 May 2017 18:46:32 ,32.1375,-1207,33.1124
,,,,,
493, Sun, 07 May 2017 18:55:38 ,32.1875,-1287,32.9874
,,,,,
494, Sun, 07 May 2017 19:04:44 ,31.9687,-1211,32.5687
,,,,,
495, Sun, 07 May 2017 19:13:50 ,32.375,-1222,32.575
,,,,,
496, Sun, 07 May 2017 19:22:56 ,31.8437,-1208,32.0437
,,,,,
497, Sun, 07 May 2017 19:32:03 ,30.8687,-1169,31.8437
,,,,,
498, Sun, 07 May 2017 19:41:09 ,30.625,-1169,31.7999
,,,,,
499, Sun, 07 May 2017 19:59:21 ,29.6875,-1084,30.8375
,,,,,
500, Sun, 07 May 2017 20:08:27 ,29.8562,-1185,31.4062
,,,,,
501, Sun, 07 May 2017 20:17:33 ,29.7999,-1036,30.975
,,,,,
502, Sun, 07 May 2017 20:26:39 ,28.9,-1334,30.075
,,,,,
503, Sun, 07 May 2017 20:35:45 ,30.9249,-1330,30.9249
,,,,,
504, Sun, 07 May 2017 20:44:51 ,30.0437,-1280,30.0437
,,,,,
505, Sun, 07 May 2017 20:53:57 ,27.4312,-1001,28.6062
,,,,,
506, Sun, 07 May 2017 21:03:03 ,29.9312,-1213,31.5062
,,,,,
507, Sun, 07 May 2017 21:12:09 ,29.3937,-1151,30.3687
,,,,,
508, Sun, 07 May 2017 21:21:15 ,27.2437,-1085,27.6187
,,,,,
509, Sun, 07 May 2017 21:30:21 ,28.4937,-1241,29.6687
,,,,,
510, Sun, 07 May 2017 21:39:27 ,28.525,-1144,29.875
,,,,,
511, Sun, 07 May 2017 21:48:33 ,28.4812,-1280,29.2812
,,,,,
512, Sun, 07 May 2017 21:57:39 ,28.525,-1396,28.9249
,,,,,
513, Sun, 07 May 2017 22:06:45 ,28.7625,-1302,28.5625
,,,,,
514, Sun, 07 May 2017 22:15:51 ,25.8437,-1358,26.8187
,,,,,
515, Sun, 07 May 2017 22:24:56 ,26.475,-1702,27.625
,,,,,
516, Sun, 07 May 2017 22:34:02 ,24.3437,-1332,25.7187
,,,,,
517, Sun, 07 May 2017 22:43:08 ,24.8937,-1391,25.6687
,,,,,
518, Sun, 07 May 2017 22:52:14 ,24.8437,-1451,25.4437
,,,,,
519, Sun, 07 May 2017 23:01:20 ,24.0812,-1351,24.8562
,,,,,
520, Sun, 07 May 2017 23:10:26 ,24.7312,-1371,25.1312
,,,,,
521, Sun, 07 May 2017 23:19:32 ,23.625,-1358,24.025
,,,,,
522, Sun, 07 May 2017 23:28:37 ,23.8812,-1429,24.0562
,,,,,
523, Sun, 07 May 2017 23:37:43 ,23.6187,-1362,23.8187
,,,,,
524, Sun, 07 May 2017 23:46:49 ,23.2125,-1417,23.2125
,,,,,
525, Sun, 07 May 2017 23:55:55 ,22.8375,-1445,23.0375
,,,,,
526, Mon, 08 May 2017 00:05:01 ,22.4937,-1514,22.6937
,,,,,
527, Mon, 08 May 2017 00:14:06 ,22.3812,-1386,22.3812
,,,,,
528, Mon, 08 May 2017 00:23:12 ,22.0375,-1396,22.0375
,,,,,
529, Mon, 08 May 2017 00:32:18 ,21.7562,-1416,21.7562
,,,,,
530, Mon, 08 May 2017 00:41:23 ,21.475,-1418,21.475
,,,,,
531, Mon, 08 May 2017 00:50:29 ,21.4874,-1386,21.4874
,,,,,
532, Mon, 08 May 2017 00:59:35 ,21.3624,-1462,21.3624
,,,,,
533, Mon, 08 May 2017 01:08:41 ,21.0812,-1498,20.8812
,,,,,
534, Mon, 08 May 2017 01:17:46 ,20.9249,-1444,20.9249
,,,,,
535, Mon, 08 May 2017 01:26:52 ,20.8624,-1384,20.8624
,,,,,
536, Mon, 08 May 2017 01:35:58 ,20.7687,-1443,20.7687
,,,,,
537, Mon, 08 May 2017 01:45:03 ,20.8437,-1423,20.6437
,,,,,
538, Mon, 08 May 2017 01:54:09 ,20.6562,-1372,20.4562
,,,,,
539, Mon, 08 May 2017 02:03:15 ,20.5937,-1459,20.5937
,,,,,
540, Mon, 08 May 2017 02:12:21 ,20.5312,-1379,20.3312
,,,,,
541, Mon, 08 May 2017 02:21:26 ,20.3125,-1447,20.1124
,,,,,
542, Mon, 08 May 2017 02:30:32 ,20.1875,-1605,19.9874
,,,,,
543, Mon, 08 May 2017 02:39:38 ,20.1875,-1346,19.9874
,,,,,
544, Mon, 08 May 2017 02:48:43 ,20.0937,-2520,19.8937
,,,,,
545, Mon, 08 May 2017 02:57:49 ,20.0625,-1548,19.8624
,,,,,
546, Mon, 08 May 2017 03:06:55 ,19.9062,-1261,19.7062
,,,,,
547, Mon, 08 May 2017 03:16:00 ,19.8437,-1407,19.6437
,,,,,
548, Mon, 08 May 2017 03:25:06 ,19.7812,-1339,19.5812
,,,,,
549, Mon, 08 May 2017 03:34:12 ,19.5937,-1460,19.3937
,,,,,
550, Mon, 08 May 2017 03:43:17 ,19.625,-1412,19.4249
,,,,,
551, Mon, 08 May 2017 03:52:23 ,19.625,-1403,19.4249
,,,,,
552, Mon, 08 May 2017 04:01:29 ,19.5312,-1375,19.3312
,,,,,
553, Mon, 08 May 2017 04:10:34 ,19.5312,-1340,19.3312
,,,,,
554, Mon, 08 May 2017 04:19:40 ,19.5625,-1467,19.3624
,,,,,
555, Mon, 08 May 2017 04:28:46 ,19.5937,-1371,19.5937
,,,,,
556, Mon, 08 May 2017 04:37:51 ,19.5625,-1467,19.3624
,,,,,
557, Mon, 08 May 2017 04:46:57 ,19.4687,-1369,19.2687
,,,,,
558, Mon, 08 May 2017 04:56:03 ,19.4062,-1398,19.2062
,,,,,
559, Mon, 08 May 2017 05:05:08 ,19.9375,-1508,19.9375
,,,,,
560, Mon, 08 May 2017 05:14:14 ,21.9874,-1431,21.7875
,,,,,
561, Mon, 08 May 2017 05:23:20 ,23.225,-1498,23.025
,,,,,
562, Mon, 08 May 2017 05:32:26 ,23.3875,-1469,23.0125
,,,,,
563, Mon, 08 May 2017 05:41:31 ,22.3312,-1405,22.1312
,,,,,
564, Mon, 08 May 2017 05:50:37 ,21.8812,-1392,21.8812
,,,,,
565, Mon, 08 May 2017 05:59:43 ,23.45,-1398,23.45
,,,,,
566, Mon, 08 May 2017 06:08:49 ,23.0937,-1725,22.8937
,,,,,
567, Mon, 08 May 2017 06:17:54 ,23.6562,-1403,23.6562
,,,,,
568, Mon, 08 May 2017 06:27:00 ,23.1437,-1381,23.1437
,,,,,
569, Mon, 08 May 2017 06:36:06 ,24.2625,-1436,24.0625
,,,,,
570, Mon, 08 May 2017 06:45:12 ,22.975,-1382,22.975
,,,,,
571, Mon, 08 May 2017 06:54:17 ,23.9187,-1414,23.9187
,,,,,
572, Mon, 08 May 2017 07:03:23 ,23.5312,-1390,23.7312
,,,,,
573, Mon, 08 May 2017 07:12:29 ,23.7187,-1396,23.5187
,,,,,
574, Mon, 08 May 2017 07:21:35 ,24.25,-1406,24.075
,,,,,
575, Mon, 08 May 2017 07:30:41 ,23.225,-1370,23.225
,,,,,
576, Mon, 08 May 2017 07:39:46 ,24.4062,-1429,24.2312
,,,,,
577, Mon, 08 May 2017 07:48:52 ,22.7125,-1503,22.7125
,,,,,
578, Mon, 08 May 2017 07:57:58 ,23.7937,-1361,23.7937
,,,,,
579, Mon, 08 May 2017 08:07:04 ,23.825,-1395,24
,,,,,
580, Mon, 08 May 2017 08:16:09 ,24.1687,-1406,23.9687
,,,,,
581, Mon, 08 May 2017 08:25:15 ,24.2625,-1431,24.2625
,,,,,
582, Mon, 08 May 2017 08:34:21 ,23.8125,-1342,23.8125
,,,,,
583, Mon, 08 May 2017 08:43:27 ,23.8437,-1362,23.8437
,,,,,
584, Mon, 08 May 2017 08:52:33 ,24.0437,-1364,24.0437
,,,,,
585, Mon, 08 May 2017 09:01:38 ,23.8437,-1366,23.6437
,,,,,
586, Mon, 08 May 2017 09:10:44 ,23.625,-1362,23.625
,,,,,
587, Mon, 08 May 2017 09:19:50 ,23.5625,-1393,23.5625
,,,,,
588, Mon, 08 May 2017 09:28:56 ,23.1749,-1370,23.1749
,,,,,
589, Mon, 08 May 2017 09:38:01 ,22.35,-1365,22.35
,,,,,
590, Mon, 08 May 2017 09:47:07 ,21.7562,-1356,21.7562
,,,,,
591, Mon, 08 May 2017 09:56:13 ,21.3812,-1346,21.5812
,,,,,
592, Mon, 08 May 2017 10:05:19 ,21.3624,-1351,21.3624
,,,,,
593, Mon, 08 May 2017 10:14:24 ,21.1749,-1393,21.1749
,,,,,
594, Mon, 08 May 2017 10:23:30 ,20.9874,-1431,20.9874
,,,,,
595, Mon, 08 May 2017 10:32:36 ,20.7999,-1385,20.7999
,,,,,
596, Mon, 08 May 2017 10:41:41 ,21.2625,-1367,21.0625
,,,,,
597, Mon, 08 May 2017 10:50:47 ,22.525,-1407,22.325
,,,,,
598, Mon, 08 May 2017 10:59:53 ,23.2125,-1415,22.6375
,,,,,
599, Mon, 08 May 2017 11:08:59 ,23.9812,-1419,23.7812
,,,,,
600, Mon, 08 May 2017 11:18:05 ,23.8187,-1392,23.8187
,,,,,
601, Mon, 08 May 2017 11:27:10 ,24.6312,-1420,25.0312
,,,,,
602, Mon, 08 May 2017 11:36:16 ,25.0562,-1421,25.2562
,,,,,
603, Mon, 08 May 2017 11:45:22 ,25.3812,-1146,25.5562
,,,,,
604, Mon, 08 May 2017 11:54:28 ,26.9874,-1422,26.9874
,,,,,
605, Mon, 08 May 2017 12:03:34 ,27.3375,-1722,27.5375
,,,,,
606, Mon, 08 May 2017 12:21:46 ,28.5187,-1278,29.3187
,,,,,
607, Mon, 08 May 2017 12:30:51 ,29.9249,-1616,30.325
,,,,,
608, Mon, 08 May 2017 12:39:57 ,29.7999,-1628,30.2
,,,,,
609, Mon, 08 May 2017 12:49:03 ,28.4249,-1689,28.825
,,,,,
610, Mon, 08 May 2017 12:58:09 ,28.5625,-1777,28.7625
,,,,,
611, Mon, 08 May 2017 13:07:15 ,28.2062,-1230,28.7812
,,,,,
612, Mon, 08 May 2017 13:16:21 ,28.3187,-1552,28.8937
,,,,,
613, Mon, 08 May 2017 13:25:27 ,29.3062,-1522,29.5062
,,,,,
614, Mon, 08 May 2017 13:34:33 ,29.4437,-1524,29.4437
,,,,,
615, Mon, 08 May 2017 13:43:39 ,28.7374,-1479,28.9375
,,,,,
616, Mon, 08 May 2017 13:52:45 ,29.6937,-1527,29.8687
,,,,,
617, Mon, 08 May 2017 14:01:51 ,29.5562,-1418,29.7562
,,,,,
618, Mon, 08 May 2017 14:10:57 ,29.65,-1459,29.85
,,,,,
619, Mon, 08 May 2017 14:20:03 ,29.375,-1439,29.975
,,,,,
620, Mon, 08 May 2017 14:29:09 ,29.2812,-1314,29.8562
,,,,,
621, Mon, 08 May 2017 14:38:15 ,29.1625,-1298,30.1375
,,,,,
622, Mon, 08 May 2017 14:47:21 ,29.275,-1331,30.25
,,,,,
623, Mon, 08 May 2017 14:56:26 ,29.6062,-1360,30.7812
,,,,,
624, Mon, 08 May 2017 15:05:32 ,29.7812,-1370,30.9562
,,,,,
625, Mon, 08 May 2017 15:14:38 ,30.2187,-1339,31.2187
,,,,,
626, Mon, 08 May 2017 15:23:44 ,31.0875,-1346,31.6875
,,,,,
627, Mon, 08 May 2017 15:32:51 ,31.6,-1319,32.1749
,,,,,
628, Mon, 08 May 2017 15:41:57 ,30.3062,-1174,31.6812
,,,,,
629, Mon, 08 May 2017 15:51:03 ,31.0062,-1246,32.3562
,,,,,
630, Mon, 08 May 2017 16:00:09 ,31.1687,-1238,32.9187
,,,,,
631, Mon, 08 May 2017 16:09:15 ,31.8375,-1015,33.9874
,,,,,
632, Mon, 08 May 2017 16:18:21 ,31.7125,-1138,33.8624
,,,,,
633, Mon, 08 May 2017 16:27:27 ,32.3062,-1225,34.0812
,,,,,
634, Mon, 08 May 2017 16:36:33 ,32.3062,-1204,34.0812
,,,,,
635, Mon, 08 May 2017 16:45:39 ,32.9937,-1240,34.5687
,,,,,
636, Mon, 08 May 2017 16:54:45 ,33.2125,-1231,34.9625
,,,,,
637, Mon, 08 May 2017 17:03:51 ,32.9375,-1179,35.0875
,,,,,
638, Mon, 08 May 2017 17:12:57 ,33.6312,-1212,35.1812
,,,,,
639, Mon, 08 May 2017 17:22:04 ,33.8062,-1232,35.3562
,,,,,
640, Mon, 08 May 2017 17:31:10 ,33.7,-1158,35.45
,,,,,
641, Mon, 08 May 2017 17:40:16 ,33.6687,-1215,35.2187
,,,,,
642, Mon, 08 May 2017 17:49:22 ,32.8499,-1168,34.7999
,,,,,
643, Mon, 08 May 2017 17:58:28 ,32.1312,-1158,34.2812
,,,,,
644, Mon, 08 May 2017 18:07:34 ,32.0937,-1171,34.0437
