heat_flux_time_[ms],heat_flux_[W/m^2],thermocouple1_time_[ms],thermocouple1_[degC],thermocouple2_time_[ms],thermocouple2_[deg_C]
0.199000,628.043427,0.191000,22.487500,0.128000,23.662500,
0.410000,696.567027,0.384000,22.370833,0.320000,23.662500,
0.577000,748.519560,0.576000,22.198611,0.512000,23.795833,
0.770000,788.827560,0.768000,22.007870,0.704000,23.706944,
0.965000,819.282493,0.960000,21.677623,0.897000,23.677315,
1.157000,843.467293,1.153000,21.434208,1.089000,23.667438,
1.361000,863.173427,1.345000,21.103069,1.281000,23.664146,
1.539000,877.953027,1.537000,20.992690,1.473000,23.663049,
1.734000,886.014627,1.730000,20.822563,1.666000,23.662683,
1.927000,899.450627,1.922000,20.632521,1.858000,23.662561,
2.121000,908.407960,2.114000,20.435840,2.050000,23.795854,
2.316000,913.334493,2.307000,20.253613,2.243000,23.706951,
2.525000,918.261027,2.499000,20.059538,2.435000,23.810650,
2.692000,920.500360,2.691000,19.861513,2.627000,23.711883,
2.886000,923.635427,2.883000,19.795504,2.819000,23.812294,
3.081000,924.083293,3.078000,19.506835,3.012000,23.712431,
3.273000,925.874760,3.268000,19.410612,3.204000,23.679144,
3.463000,926.322627,3.460000,19.261871,3.397000,23.801381,
3.654000,926.770493,3.652000,19.212290,3.589000,23.708794,
3.846000,925.426893,3.845000,19.062430,3.781000,23.811265,
4.038000,926.770493,4.037000,18.879143,3.973000,23.845422,
4.232000,919.604627,4.230000,18.797214,4.165000,23.835974,
4.425000,918.261027,4.422000,18.657405,4.359000,23.853658,
4.619000,916.469560,4.615000,18.477468,4.551000,23.992886,
4.808000,914.230227,4.807000,18.417489,4.743000,24.039295,
5.004000,913.782360,4.999000,18.264163,4.936000,24.054765,
5.193000,912.886627,5.191000,18.213054,5.127000,24.059922,
5.385000,912.438760,5.384000,18.079351,5.320000,23.928307,
5.579000,909.303693,5.576000,18.034784,5.513000,24.017769,
5.771000,905.272893,5.768000,17.886595,5.705000,24.047590,
5.961000,903.929293,5.961000,17.837198,5.897000,24.057530,
6.154000,901.242093,6.153000,17.820733,6.089000,24.194177,
6.348000,899.898493,6.345000,17.681911,6.281000,24.239726,
6.542000,896.763427,6.538000,17.635637,6.473000,24.254909,
6.735000,894.076227,6.730000,17.486879,6.666000,24.259970,
6.923000,890.045427,6.922000,17.437293,6.858000,24.261657,
7.116000,887.806093,7.114000,17.287431,7.051000,24.262219,
7.313000,884.671027,7.307000,17.237477,7.243000,24.262406,
7.500000,882.431693,7.499000,17.220826,7.435000,24.262469,
7.692000,878.400893,7.691000,17.098609,7.628000,24.379156,
7.885000,875.713693,7.883000,17.057870,7.819000,24.301385,
8.077000,872.130760,8.076000,16.910957,8.012000,24.275462,
8.269000,870.787160,8.268000,16.995319,8.204000,24.266821,
8.461000,867.652093,8.460000,16.890106,8.396000,24.380607,
8.656000,865.412760,8.652000,16.855035,8.589000,24.418536,
8.846000,862.725560,8.845000,16.710012,8.781000,24.431179,
9.039000,859.142627,9.037000,16.661671,8.973000,24.435393,
9.259000,856.903293,9.229000,16.645557,9.165000,24.436798,
9.427000,852.424627,9.422000,16.640186,9.358000,24.437266,
9.616000,848.841693,9.614000,16.638395,9.550000,24.437422,
9.808000,844.810893,9.806000,16.504465,9.743000,24.437474,
9.999000,839.884360,9.999000,16.459822,9.935000,24.437491,
10.195000,837.645027,10.191000,16.444941,10.127000,24.437497,
10.384000,834.509960,10.383000,16.439980,10.319000,24.437499,
10.577000,833.614227,10.575000,16.284160,10.511000,24.550000,
10.777000,831.374893,10.768000,16.232220,10.704000,24.454167,
10.962000,825.552627,10.960000,16.214907,10.896000,24.555556,
11.154000,828.239827,11.152000,16.209136,11.089000,24.589352,
11.345000,821.969693,11.345000,16.228045,11.280000,24.621451,
11.539000,822.417560,11.537000,16.096848,11.473000,24.611317,
11.732000,822.865427,11.729000,16.073949,11.666000,24.628772,
11.924000,820.178227,11.921000,16.045483,11.858000,24.613757,
12.115000,816.595293,12.114000,16.035994,12.050000,24.608752,
12.307000,810.325160,12.306000,15.899498,12.242000,24.607084,
12.499000,807.190093,12.498000,15.853999,12.435000,24.606528,
12.692000,807.190093,12.691000,15.838833,12.626000,24.606343,
12.884000,804.502893,12.883000,15.833778,12.819000,24.739614,
13.079000,803.159293,13.075000,15.832093,13.011000,24.650705,
13.269000,800.919960,13.267000,15.831531,13.204000,24.754402,
13.467000,799.576360,13.460000,15.698010,13.396000,24.788967,
13.654000,799.128493,13.652000,15.786837,13.589000,24.800489,
13.848000,792.858360,13.844000,15.683112,13.780000,24.804330,
14.038000,791.514760,14.037000,15.648537,13.973000,24.805610,
14.237000,790.171160,14.229000,15.637012,14.165000,24.806037,
14.422000,789.723293,14.421000,15.633171,14.357000,24.806179,
14.629000,789.275427,14.614000,15.498557,14.550000,24.806226,
14.811000,783.453160,14.806000,15.453686,14.742000,24.806242,
15.003000,782.109560,14.998000,15.438729,14.934000,24.806247,
15.192000,780.765960,15.190000,15.433743,15.127000,24.806249,
15.394000,779.422360,15.383000,15.432081,15.319000,24.806250,
15.577000,779.870227,15.575000,15.431527,15.511000,24.806250,
15.779000,775.391560,15.767000,15.431342,15.703000,24.806250,
15.961000,774.047960,15.960000,15.297947,15.896000,24.939583,
16.159000,773.600093,16.152000,15.253482,16.089000,24.984028,
16.350000,772.256493,16.345000,15.238661,16.281000,24.998843,
16.541000,768.673560,16.537000,15.233720,16.473000,25.003781,
16.731000,767.329960,16.729000,15.232073,16.666000,25.005427,
16.926000,761.955560,16.922000,15.231524,16.858000,25.005976,
17.116000,763.299160,17.114000,15.231341,17.051000,25.006159,
17.309000,762.851293,17.307000,15.231280,17.243000,25.006220,
17.508000,759.268360,17.499000,15.097927,17.435000,25.006240,
17.692000,754.341827,17.691000,15.053476,17.627000,25.006247,
17.887000,751.654627,17.884000,15.038659,17.820000,25.006249,
18.078000,748.519560,18.076000,15.033720,18.013000,25.006250,
18.272000,748.967427,18.269000,15.032073,18.205000,25.006250,
18.469000,748.967427,18.461000,15.031524,18.397000,25.006250,
18.655000,746.280227,18.653000,15.031341,18.589000,25.139583,
18.848000,747.623827,18.846000,15.031280,18.782000,25.184028,
19.045000,736.875027,19.038000,15.031260,18.974000,25.065509,
19.241000,740.010093,19.230000,14.914587,19.166000,25.159336,
19.424000,740.457960,19.423000,14.875696,19.359000,25.190612,
19.620000,737.322893,19.615000,14.862732,19.551000,25.201037,
19.811000,736.875027,19.808000,14.858411,19.744000,25.204512,
20.012000,734.187827,20.000000,14.856970,19.936000,25.205671,
20.197000,735.083560,20.193000,14.856490,20.128000,25.206057,
20.386000,735.083560,20.385000,14.856330,20.321000,25.206186,
20.586000,730.604893,20.578000,14.856277,20.513000,25.206229,
20.772000,728.813427,20.769000,14.856259,20.706000,25.206243,
20.964000,727.021960,20.962000,14.856253,20.898000,25.206248,
21.155000,725.230493,21.154000,14.856251,21.091000,25.206249,
21.348000,724.334760,21.347000,14.856250,21.283000,25.206250,
21.541000,721.199693,21.540000,14.856250,21.476000,25.339583,
21.737000,719.408227,21.733000,14.722917,21.668000,25.384028,
21.930000,718.960360,21.925000,14.811806,21.861000,25.398843,
22.125000,717.616760,22.117000,14.708102,22.053000,25.403781,
22.335000,715.825293,22.310000,14.673534,22.246000,25.405427,
22.505000,711.794493,22.502000,14.662011,22.439000,25.405976,
22.698000,707.763693,22.694000,14.658170,22.631000,25.406159,
22.891000,705.524360,22.887000,14.656890,22.823000,25.406220,
23.081000,704.180760,23.079000,14.677297,23.016000,25.427073,
23.280000,703.732893,23.272000,14.663266,23.208000,25.413191,
23.465000,702.837160,23.464000,14.679422,23.400000,25.429397,
23.658000,701.045693,23.656000,14.684807,23.593000,25.434799,
23.853000,701.941427,23.849000,14.686602,23.785000,25.436600,
24.043000,700.149960,24.041000,14.687201,23.978000,25.437200,
24.235000,693.431960,24.233000,14.687400,24.170000,25.437400,
24.427000,692.536227,24.426000,14.687467,24.362000,25.437467,
24.619000,695.671293,24.618000,14.554156,24.554000,25.437489,
24.813000,697.462760,24.811000,14.509719,24.747000,25.437496,
25.005000,696.119160,25.003000,14.474073,24.939000,25.416665,
25.202000,691.640493,25.195000,14.462191,25.132000,25.526388,
25.394000,693.879827,25.388000,14.458230,25.324000,25.446296,
25.581000,690.296893,25.580000,14.456910,25.517000,25.419599,
25.774000,689.401160,25.772000,14.477303,25.709000,25.548200,
25.966000,687.161827,25.965000,14.463268,25.901000,25.570233,
26.159000,684.922493,26.157000,14.458589,26.094000,25.577578,
26.351000,684.922493,26.350000,14.457030,26.286000,25.580026,
26.545000,685.370360,26.542000,14.456510,26.478000,25.580842,
26.737000,684.474627,26.734000,14.477170,26.671000,25.601947,
26.930000,680.891693,26.927000,14.484057,26.863000,25.608982,
27.120000,679.995960,27.119000,14.486352,27.056000,25.611327,
27.314000,678.204493,27.311000,14.487117,27.248000,25.612109,
27.505000,672.382227,27.504000,14.487372,27.440000,25.612370,
27.698000,675.069427,27.696000,14.487457,27.633000,25.612457,
27.904000,675.069427,27.889000,14.466652,27.825000,25.591652,
28.085000,676.413027,28.081000,14.480551,28.017000,25.605551,
28.275000,671.486493,28.273000,14.485184,28.210000,25.610184,
28.467000,671.038627,28.466000,14.486728,28.402000,25.611728,
28.661000,668.799293,28.658000,14.487243,28.594000,25.612243,
28.852000,667.903560,28.850000,14.333248,28.787000,25.724914,
29.045000,667.455693,29.043000,14.415249,28.979000,25.762471,
29.237000,666.559960,29.235000,14.442583,29.171000,25.774990,
29.431000,667.455693,29.428000,14.318361,29.364000,25.779163,
29.637000,667.903560,29.620000,14.410287,29.556000,25.780554,
29.814000,667.007827,29.812000,14.307596,29.748000,25.781018,
30.007000,662.977027,30.006000,14.273365,29.941000,25.781173,
30.199000,660.737693,30.197000,14.261955,30.133000,25.781224,
30.390000,659.841960,30.389000,14.258152,30.326000,25.781241,
30.583000,659.394093,30.582000,14.256884,30.518000,25.781247,
30.778000,652.676093,30.775000,14.256461,30.711000,25.781249,
30.967000,652.228227,30.967000,14.256320,30.903000,25.781250,
31.167000,653.571827,31.159000,14.256273,31.096000,25.781250,
31.354000,647.301693,31.351000,14.256258,31.288000,25.781250,
31.545000,647.749560,31.544000,14.256253,31.480000,25.781250,
31.737000,644.166627,31.736000,14.256251,31.672000,25.781250,
31.932000,646.853827,31.929000,14.256250,31.865000,25.781250,
32.125000,640.583693,32.121000,14.256250,32.058000,25.781250,
32.315000,640.583693,32.313000,14.256250,32.250000,25.781250,
32.507000,643.270893,32.506000,14.256250,32.442000,25.781250,
32.699000,643.718760,32.698000,14.256250,32.635000,25.781250,
32.892000,641.479427,32.891000,14.256250,32.827000,25.781250,
33.084000,641.927293,33.083000,14.256250,33.019000,25.914583,
33.277000,641.479427,33.275000,14.256250,33.211000,25.959028,
33.469000,643.718760,33.468000,14.256250,33.405000,25.973843,
33.661000,645.510227,33.660000,14.256250,33.596000,25.978781,
33.856000,637.000760,33.852000,14.256250,33.788000,25.980427,
34.048000,631.178493,34.045000,14.256250,33.981000,25.980976,
34.239000,637.000760,34.237000,14.256250,34.174000,25.981159,
34.431000,636.552893,34.430000,14.256250,34.366000,25.981220,
34.623000,632.969960,34.622000,14.256250,34.559000,25.981240,
34.816000,628.043427,34.814000,14.256250,34.751000,25.981247,
35.009000,621.325427,35.007000,14.256250,34.943000,25.981249,
35.200000,618.638227,35.199000,14.256250,35.135000,25.981250,
35.393000,614.607427,35.391000,14.256250,35.327000,25.981250,
35.585000,612.368093,35.584000,14.256250,35.520000,25.981250,
35.777000,611.024493,35.776000,14.256250,35.712000,25.981250,
35.970000,611.024493,35.968000,14.256250,35.905000,25.981250,
36.163000,609.680893,36.161000,14.256250,36.097000,25.981250,
36.354000,607.441560,36.353000,14.256250,36.289000,25.981250,
36.547000,605.202227,36.546000,14.256250,36.481000,25.981250,
36.739000,606.545827,36.737000,14.256250,36.674000,25.981250,
36.932000,611.472360,36.930000,14.256250,36.866000,25.981250,
37.123000,610.576627,37.122000,14.256250,37.058000,25.981250,
37.316000,611.472360,37.314000,14.256250,37.250000,25.981250,
37.508000,614.159560,37.507000,14.256250,37.445000,25.981250,
37.700000,614.159560,37.699000,14.256250,37.635000,25.981250,
37.894000,611.920227,37.891000,14.256250,37.827000,26.114583,
38.085000,611.024493,38.084000,14.256250,38.020000,26.159028,
38.277000,607.441560,38.276000,14.256250,38.213000,26.173843,
38.473000,607.441560,38.468000,14.256250,38.404000,26.178781,
38.662000,609.233027,38.661000,14.256250,38.597000,26.180427,
38.854000,606.993693,38.853000,14.256250,38.789000,26.180976,
39.046000,606.993693,39.045000,14.256250,38.982000,26.181159,
39.240000,603.858627,39.238000,14.256250,39.175000,26.181220,
39.432000,605.650093,39.431000,14.256250,39.367000,26.181240,
39.627000,606.545827,39.623000,14.256250,39.559000,26.181247,
39.817000,606.097960,39.815000,14.256250,39.752000,26.181249,
40.009000,606.097960,40.008000,14.256250,39.944000,26.181250,
40.210000,607.441560,40.201000,14.256250,40.136000,26.181250,
40.393000,606.993693,40.392000,14.256250,40.328000,26.181250,
40.588000,608.785160,40.585000,14.256250,40.521000,26.181250,
40.778000,605.650093,40.777000,14.256250,40.713000,26.181250,
40.970000,603.858627,40.969000,14.256250,40.905000,26.181250,
41.165000,598.932093,41.161000,14.256250,41.097000,26.181250,
41.357000,601.619293,41.354000,14.256250,41.290000,26.181250,
41.555000,604.306493,41.546000,14.256250,41.482000,26.181250,
41.741000,604.754360,41.738000,14.256250,41.674000,26.181250,
41.935000,603.858627,41.931000,14.256250,41.867000,26.314583,
42.125000,605.202227,42.123000,14.256250,42.059000,26.359028,
42.317000,602.515027,42.315000,14.256250,42.252000,26.373843,
42.509000,600.723560,42.508000,14.256250,42.444000,26.378781,
42.701000,602.067160,42.700000,14.256250,42.637000,26.380427,
42.895000,600.723560,42.892000,14.256250,42.828000,26.380976,
43.086000,598.036360,43.084000,14.256250,43.020000,26.381159,
43.278000,598.036360,43.277000,14.256250,43.214000,26.381220,
43.472000,597.140627,43.469000,14.256250,43.405000,26.381240,
43.662000,597.140627,43.661000,14.256250,43.598000,26.381247,
43.861000,597.140627,43.854000,14.256250,43.791000,26.381249,
44.047000,596.244893,44.046000,14.256250,43.982000,26.381250,
44.240000,598.036360,44.238000,14.256250,44.174000,26.381250,
44.433000,596.692760,44.431000,14.256250,44.367000,26.381250,
44.624000,593.109827,44.623000,14.256250,44.559000,26.381250,
44.816000,591.766227,44.815000,14.256250,44.751000,26.381250,
45.009000,593.109827,45.008000,14.256250,44.944000,26.381250,
45.204000,591.318360,45.200000,14.256250,45.136000,26.381250,
45.400000,589.526893,45.392000,14.256250,45.328000,26.381250,
45.586000,588.631160,45.585000,14.256250,45.521000,26.381250,
45.779000,585.496093,45.778000,14.256250,45.713000,26.381250,
45.972000,583.704627,45.972000,14.122917,45.908000,26.381250,
46.166000,585.496093,46.164000,14.211806,46.100000,26.381250,
46.362000,585.943960,46.357000,14.241435,46.292000,26.381250,
46.551000,586.839693,46.549000,14.117978,46.485000,26.381250,
46.743000,587.735427,46.741000,14.210159,46.699000,26.381250,
46.935000,588.631160,46.934000,14.240886,46.870000,26.381250,
47.128000,588.183293,47.126000,14.251129,47.063000,26.381250,
47.326000,585.943960,47.319000,14.121210,47.255000,26.381250,
47.523000,585.943960,47.512000,14.211237,47.447000,26.381250,
47.705000,585.943960,47.704000,14.107912,47.641000,26.381250,
47.901000,583.256760,47.898000,14.206804,47.834000,26.381250,
48.095000,581.465293,48.093000,14.239768,48.029000,26.381250,
48.289000,583.256760,48.287000,14.117423,48.222000,26.381250,
48.483000,578.778093,48.482000,14.076641,48.417000,26.497917,
48.678000,576.538760,48.677000,14.063047,48.612000,26.536806,
48.875000,576.090893,48.872000,14.058516,48.807000,26.549769,
49.068000,574.299427,49.067000,14.057005,49.002000,26.437423,
49.263000,575.643027,49.262000,14.056502,49.197000,26.516641,
49.462000,576.090893,49.457000,14.056334,49.392000,26.543047,
49.654000,574.747293,49.652000,14.056278,49.587000,26.551849,
49.850000,573.403693,49.847000,14.056259,49.782000,26.554783,
50.044000,575.643027,50.042000,14.056253,49.977000,26.555761,
50.238000,575.643027,50.237000,14.056251,50.172000,26.556087,
50.443000,574.299427,50.433000,14.035417,50.367000,26.535362,
50.645000,572.507960,50.627000,14.028472,50.562000,26.528454,
50.824000,572.060093,50.822000,14.026157,50.757000,26.526151,
51.019000,569.820760,51.017000,14.025386,50.953000,26.525384,
51.216000,569.820760,51.213000,14.025129,51.147000,26.525128,
51.408000,568.029293,51.407000,14.025043,51.342000,26.525043,
51.604000,567.581427,51.602000,14.158348,51.537000,26.525014,
51.798000,566.237827,51.797000,14.090283,51.732000,26.545838,
51.994000,567.581427,51.992000,14.067594,51.928000,26.552779,
52.188000,563.550627,52.187000,14.060031,52.124000,26.688426,
52.383000,564.894227,52.382000,14.057510,52.321000,26.600309,
52.579000,561.759160,52.577000,14.056670,52.512000,26.570936,
52.774000,561.759160,52.773000,14.056390,52.707000,26.694479,
52.969000,562.654893,52.967000,14.056297,52.902000,26.735660,
53.168000,564.446360,53.162000,14.056266,53.097000,26.616053,
53.358000,562.654893,53.357000,14.056255,53.292000,26.576184,
53.554000,561.759160,53.552000,14.056252,53.487000,26.562895,
53.759000,563.550627,53.747000,14.056251,53.682000,26.558465,
53.943000,562.654893,53.942000,14.056250,53.877000,26.556988,
54.138000,560.863427,54.137000,14.056250,54.072000,26.689829,
54.333000,559.967693,54.332000,14.056250,54.267000,26.734110,
54.531000,560.415560,54.527000,14.056250,54.462000,26.748870,
54.726000,560.863427,54.722000,14.056250,54.657000,26.887123,
54.919000,559.071960,54.917000,14.056250,54.852000,26.799874,
55.116000,561.311293,55.112000,14.056250,55.047000,26.770791,
55.312000,560.415560,55.307000,14.056250,55.242000,26.894430,
55.504000,560.415560,55.502000,14.056250,55.437000,26.935643,
55.699000,561.311293,55.697000,14.056250,55.632000,26.949381,
55.913000,562.207027,55.892000,14.035417,55.827000,26.933127,
56.089000,559.519827,56.087000,14.049306,56.022000,26.948542,
56.283000,560.415560,56.282000,14.053935,56.217000,26.953681,
56.478000,559.967693,56.477000,14.055478,56.412000,26.955394,
56.674000,559.967693,56.673000,14.055993,56.607000,26.955965,
56.869000,557.728360,56.868000,14.056164,56.803000,27.089488,
57.064000,556.384760,57.063000,14.056221,56.998000,27.133996,
57.260000,554.593293,57.258000,14.056240,57.193000,27.148832,
57.480000,551.010360,57.454000,14.056247,57.388000,27.153777,
57.649000,551.906093,57.648000,14.056249,57.583000,27.155426,
57.859000,552.353960,57.843000,14.056250,57.778000,27.155975,
58.042000,549.218893,58.038000,14.056250,57.973000,27.156158,
58.235000,548.771027,58.233000,14.056250,58.168000,27.156219,
58.429000,550.114627,58.428000,14.056250,58.363000,27.156240,
58.624000,550.562493,58.623000,14.056250,58.558000,27.156247,
58.819000,549.666760,58.818000,14.056250,58.753000,27.156249,
59.014000,546.531693,59.013000,14.056250,58.948000,27.156250,
59.210000,550.562493,59.208000,14.056250,59.143000,27.156250,
59.404000,550.562493,59.403000,14.056250,59.338000,27.156250,
59.600000,551.458227,59.598000,14.056250,59.533000,27.156250,
59.795000,547.427427,59.793000,14.056250,59.728000,27.156250,
59.989000,542.053027,59.988000,14.056250,59.923000,27.156250,
60.184000,548.771027,60.183000,14.056250,60.118000,27.289583,
60.388000,548.323160,60.378000,14.056250,60.313000,27.200694,
60.574000,549.666760,60.573000,14.056250,60.508000,27.171065,
60.772000,550.114627,60.768000,14.056250,60.703000,27.161188,
60.964000,550.114627,60.963000,14.056250,60.898000,27.291229,
61.161000,548.771027,61.158000,14.035417,61.093000,27.313743,
61.354000,550.562493,61.353000,14.028472,61.288000,27.321248,
61.549000,547.875293,61.548000,14.026157,61.483000,27.323749,
61.764000,545.188093,61.743000,14.025386,61.678000,27.324583,
61.939000,545.635960,61.938000,14.025129,61.873000,27.324861,
62.134000,545.188093,62.132000,14.025043,62.068000,27.324954,
62.330000,545.188093,62.327000,14.025014,62.263000,27.324985,
62.544000,543.844493,62.523000,14.025005,62.458000,27.324995,
62.719000,545.188093,62.717000,14.025002,62.653000,27.324998,
62.936000,546.531693,62.912000,14.045834,62.847000,27.345833,
63.115000,545.188093,63.107000,14.031945,63.043000,27.331944,
63.304000,544.292360,63.302000,14.027315,63.237000,27.327315,
63.499000,544.740227,63.497000,14.025772,63.432000,27.325772,
63.694000,546.083827,63.692000,13.929424,63.627000,27.346091,
63.888000,546.979560,63.887000,13.897308,63.823000,27.352864,
64.083000,545.188093,64.082000,13.982436,64.017000,27.334288,
64.278000,544.740227,64.277000,13.894145,64.212000,27.328096,
64.473000,542.500893,64.472000,14.002215,64.407000,27.346865,
64.668000,544.292360,64.667000,14.038238,64.602000,27.353122,
64.864000,544.292360,64.862000,14.050246,64.798000,27.471874,
65.059000,544.292360,65.057000,14.054249,64.992000,27.394791,
65.255000,544.740227,65.252000,14.055583,65.187000,27.369097,
65.457000,545.188093,65.447000,14.056028,65.383000,27.360532,
65.651000,544.292360,65.642000,13.939509,65.577000,27.357677,
65.838000,541.157293,65.837000,14.017336,65.773000,27.356726,
66.034000,541.157293,66.032000,13.926612,65.967000,27.356409,
66.228000,538.917960,66.227000,14.013037,66.162000,27.356303,
66.423000,541.157293,66.422000,14.041846,66.357000,27.472934,
66.621000,542.053027,66.617000,14.051449,66.553000,27.395145,
66.813000,541.157293,66.812000,14.054650,66.748000,27.485882,
67.008000,542.053027,67.007000,14.055717,66.943000,27.516127,
67.205000,544.292360,67.203000,14.056072,67.137000,27.526209,
67.398000,542.500893,67.397000,14.056191,67.332000,27.529570,
67.594000,542.500893,67.592000,14.056230,67.527000,27.530690,
67.790000,542.053027,67.787000,14.056243,67.723000,27.531063,
67.983000,542.053027,67.982000,14.056248,67.917000,27.531188,
68.178000,540.261560,68.177000,14.056249,68.112000,27.531229,
68.374000,538.022227,68.373000,14.056250,68.307000,27.531243,
68.573000,538.470093,68.567000,14.056250,68.503000,27.531248,
68.764000,538.022227,68.763000,14.056250,68.698000,27.531249,
68.963000,537.126493,68.958000,14.056250,68.893000,27.531250,
69.160000,536.678627,69.153000,14.056250,69.088000,27.531250,
69.379000,535.782893,69.348000,14.056250,69.283000,27.531250,
69.545000,535.782893,69.543000,14.056250,69.478000,27.531250,
69.741000,537.574360,69.738000,14.056250,69.673000,27.531250,
69.937000,537.126493,69.933000,14.056250,69.868000,27.531250,
70.129000,535.782893,70.128000,14.056250,70.063000,27.531250,
70.332000,534.439293,70.323000,14.056250,70.258000,27.531250,
70.522000,534.439293,70.518000,14.035417,70.453000,27.510417,
70.718000,533.991427,70.713000,14.028472,70.648000,27.503472,
70.910000,534.887160,70.909000,14.026157,70.844000,27.501157,
71.118000,536.230760,71.104000,14.025386,71.038000,27.500386,
71.302000,533.991427,71.299000,14.025129,71.233000,27.500129,
71.502000,534.439293,71.493000,14.025043,71.428000,27.500043,
71.694000,536.678627,71.688000,14.025014,71.624000,27.633348,
71.885000,536.678627,71.884000,14.025005,71.818000,27.544449,
72.081000,536.678627,72.078000,14.025002,72.014000,27.648150,
72.278000,533.543560,72.274000,14.025001,72.209000,27.682717,
72.470000,529.960627,72.469000,14.025000,72.404000,27.560906,
72.667000,531.304227,72.664000,14.025000,72.599000,27.520302,
72.873000,532.647827,72.859000,14.025000,72.794000,27.506767,
73.060000,532.199960,73.054000,14.025000,72.989000,27.502256,
73.250000,530.408493,73.249000,14.025000,73.184000,27.634085,
73.461000,533.095693,73.444000,14.025000,73.379000,27.678028,
73.650000,530.408493,73.639000,14.025000,73.574000,27.692676,
73.842000,529.960627,73.834000,14.025000,73.769000,27.697559,
74.030000,530.408493,74.029000,14.025000,73.964000,27.699186,
74.229000,532.647827,74.226000,14.025000,74.160000,27.699729,
74.424000,533.095693,74.420000,14.025000,74.356000,27.699910,
74.625000,532.199960,74.615000,14.025000,74.550000,27.699970,
74.814000,530.408493,74.810000,14.025000,74.745000,27.699990,
75.007000,530.408493,75.005000,14.025000,74.940000,27.699997,
75.201000,532.199960,75.200000,14.025000,75.135000,27.699999,
75.401000,532.199960,75.395000,14.025000,75.331000,27.700000,
75.593000,530.856360,75.590000,14.025000,75.526000,27.700000,
75.786000,528.617027,75.785000,14.025000,75.720000,27.700000,
75.981000,529.960627,75.980000,14.025000,75.915000,27.700000,
76.189000,531.304227,76.175000,14.025000,76.110000,27.700000,
76.375000,531.752093,76.371000,14.025000,76.305000,27.700000,
76.567000,531.752093,76.565000,14.025000,76.500000,27.700000,
76.763000,532.647827,76.761000,14.025000,76.697000,27.700000,
76.957000,532.647827,76.956000,14.025000,76.892000,27.700000,
77.152000,532.647827,77.150000,14.025000,77.085000,27.700000,
77.348000,533.095693,77.346000,14.025000,77.280000,27.700000,
77.544000,533.543560,77.541000,14.025000,77.476000,27.700000,
77.737000,533.095693,77.736000,14.045833,77.671000,27.720833,
77.933000,530.856360,77.931000,14.052778,77.866000,27.727778,
78.134000,531.304227,78.132000,14.055093,78.061000,27.730093,
78.322000,529.064893,78.321000,14.055864,78.256000,27.730864,
78.517000,527.273427,78.516000,14.056121,78.452000,27.731121,
78.712000,524.586227,78.711000,14.056207,78.646000,27.731207,
78.922000,524.586227,78.907000,14.056236,78.841000,27.731236,
79.105000,525.034093,79.101000,14.056245,79.036000,27.731245,
79.299000,525.929827,79.297000,14.056248,79.232000,27.731248,
79.497000,525.034093,79.492000,14.056249,79.427000,27.731249,
79.690000,526.377693,79.687000,14.056250,79.622000,27.731250,
79.883000,525.481960,79.882000,14.056250,79.817000,27.731250,
80.079000,524.138360,80.077000,14.056250,80.012000,27.731250,
80.275000,524.586227,80.272000,14.056250,80.207000,27.731250,
80.476000,526.825560,80.467000,14.056250,80.403000,27.731250,
80.666000,526.825560,80.662000,14.056250,80.597000,27.731250,
80.858000,524.586227,80.857000,14.056250,80.793000,27.731250,
81.074000,527.273427,81.052000,14.035417,80.987000,27.710417,
81.252000,525.034093,81.247000,14.028472,81.182000,27.703472,
81.452000,525.929827,81.442000,14.026157,81.378000,27.701157,
81.639000,525.929827,81.637000,14.025386,81.572000,27.700386,
81.834000,529.064893,81.832000,14.025129,81.768000,27.700129,
82.029000,529.960627,82.027000,14.025043,81.962000,27.700043,
82.228000,528.617027,82.223000,14.025014,82.157000,27.833348,
82.420000,526.825560,82.417000,14.025005,82.353000,27.744449,
82.614000,527.273427,82.613000,14.025002,82.548000,27.714816,
82.809000,527.273427,82.808000,14.025001,82.743000,27.704939,
83.011000,525.034093,83.003000,14.025000,82.938000,27.701646,
83.199000,525.929827,83.198000,14.025000,83.133000,27.700549,
83.396000,528.169160,83.393000,14.025000,83.328000,27.700183,
83.591000,526.825560,83.588000,14.025000,83.523000,27.700061,
83.788000,523.690493,83.783000,14.025000,83.718000,27.833354,
83.979000,522.794760,83.978000,13.908333,83.913000,27.877785,
84.174000,524.138360,84.173000,13.986111,84.108000,27.892595,
84.370000,521.899027,84.368000,14.012037,84.303000,27.897532,
84.569000,522.346893,84.563000,14.020679,84.498000,27.899177,
84.759000,525.481960,84.758000,14.023560,84.693000,27.899726,
84.957000,524.586227,84.953000,14.024520,84.888000,27.766575,
85.151000,525.034093,85.148000,14.024840,85.083000,27.855525,
85.344000,522.346893,85.343000,14.024947,85.278000,27.885175,
85.541000,522.346893,85.538000,14.024982,85.473000,27.895058,
85.737000,523.242627,85.733000,13.908327,85.669000,27.898353,
85.931000,522.794760,85.928000,13.986109,85.863000,27.899451,
86.134000,521.899027,86.123000,14.012036,86.059000,27.766484,
86.319000,521.899027,86.318000,14.020679,86.253000,27.855495,
86.516000,522.346893,86.513000,14.023560,86.448000,27.885165,
86.710000,522.346893,86.708000,14.024520,86.643000,27.761722,
86.905000,521.899027,86.903000,14.024840,86.838000,27.853907,
87.100000,517.420360,87.098000,14.024947,87.033000,27.884636,
87.303000,516.076760,87.294000,14.024982,87.228000,27.761545,
87.498000,516.524627,87.489000,14.024994,87.424000,27.853848,
87.687000,518.316093,87.684000,14.024998,87.619000,27.751283,
87.880000,518.316093,87.879000,14.024999,87.815000,27.850428,
88.078000,520.107560,88.074000,14.025000,88.009000,27.883476,
88.277000,520.555427,88.269000,14.025000,88.204000,27.894492,
88.466000,519.211827,88.464000,14.025000,88.399000,27.898164,
88.665000,517.420360,88.659000,14.025000,88.594000,27.899388,
88.858000,515.628893,88.854000,14.025000,88.789000,27.899796,
89.051000,517.868227,89.049000,14.025000,88.984000,27.766599,
89.245000,516.076760,89.244000,14.025000,89.179000,27.855533,
89.442000,515.628893,89.439000,14.025000,89.374000,27.885178,
89.646000,515.181027,89.634000,14.025000,89.569000,27.761726,
89.831000,518.316093,89.829000,14.025000,89.764000,27.853909,
90.026000,516.524627,90.024000,14.025000,89.959000,27.751303,
90.220000,516.972493,90.219000,14.045833,90.154000,27.737934,
90.425000,517.868227,90.414000,14.031944,90.349000,27.712645,
90.615000,517.868227,90.609000,14.027315,90.544000,27.704215,
90.819000,519.211827,90.804000,14.025772,90.739000,27.701405,
91.000000,518.316093,90.999000,14.025257,90.934000,27.700468,
91.196000,519.211827,91.194000,14.025086,91.129000,27.833489,
91.390000,515.628893,91.389000,14.025029,91.324000,27.877830,
91.589000,518.763960,91.585000,14.025010,91.519000,27.892610,
91.786000,516.972493,91.781000,14.025003,91.715000,27.897537,
91.979000,519.659693,91.976000,14.025001,91.911000,27.899179,
92.172000,519.211827,92.170000,14.025000,92.105000,27.899726,
92.367000,519.211827,92.366000,14.025000,92.300000,27.899909,
92.563000,510.702360,92.560000,14.025000,92.496000,27.899970,
92.757000,518.316093,92.755000,14.025000,92.691000,27.899990,
92.958000,516.076760,92.951000,14.045833,92.886000,27.920830,
93.147000,516.972493,93.146000,14.052778,93.081000,27.927777,
93.347000,518.763960,93.341000,14.034259,93.276000,27.909259,
93.542000,519.659693,93.538000,14.028086,93.471000,27.903086,
93.732000,519.211827,93.731000,14.026029,93.666000,27.901029,
93.936000,519.211827,93.927000,14.025343,93.861000,27.900343,
94.122000,519.211827,94.121000,14.025114,94.056000,27.900114,
94.317000,516.524627,94.316000,14.025038,94.251000,27.900038,
94.513000,519.211827,94.511000,14.025013,94.446000,27.900013,
94.708000,518.316093,94.706000,14.025004,94.641000,27.900004,
94.902000,516.076760,94.901000,14.025001,94.836000,27.900001,
95.097000,518.316093,95.096000,14.025000,95.031000,27.900000,
95.292000,520.555427,95.291000,14.025000,95.226000,27.900000,
95.489000,521.003293,95.486000,14.025000,95.422000,27.900000,
95.683000,518.316093,95.681000,14.025000,95.616000,27.900000,
95.878000,519.211827,95.876000,14.025000,95.811000,27.900000,
96.073000,516.972493,96.071000,14.025000,96.006000,27.900000,
96.268000,516.076760,96.266000,14.025000,96.202000,27.900000,
96.464000,516.972493,96.461000,14.045833,96.397000,27.920833,
96.659000,516.972493,96.657000,13.936111,96.592000,27.927778,
96.853000,516.524627,96.852000,13.995370,96.786000,27.909259,
97.048000,516.972493,97.047000,14.035957,96.981000,27.923920,
97.243000,515.181027,97.242000,14.049486,97.177000,27.928807,
97.439000,514.733160,97.437000,13.937329,97.372000,27.930436,
97.638000,515.181027,97.633000,13.879110,97.567000,27.910145,
97.828000,514.733160,97.827000,13.997203,97.762000,27.924215,
98.023000,513.389560,98.022000,14.036568,97.957000,27.928905,
98.219000,511.598093,98.217000,14.049689,98.152000,27.930468,
98.413000,516.524627,98.412000,13.937396,98.347000,27.930989,
98.608000,516.076760,98.607000,14.016632,98.542000,27.931163,
98.806000,518.316093,98.802000,13.926377,98.738000,27.931221,
99.002000,516.076760,98.998000,13.896292,98.932000,27.931240,
99.193000,518.316093,99.193000,13.886264,99.128000,27.931247,
99.389000,517.420360,99.388000,13.882921,99.323000,27.931249,
99.584000,517.868227,99.583000,13.881807,99.518000,27.931250,
99.781000,517.420360,99.778000,13.881436,99.713000,27.931250,
99.979000,517.868227,99.973000,13.881312,99.908000,27.931250,
100.174000,516.972493,100.168000,13.881271,100.103000,27.931250,
100.365000,517.868227,100.363000,13.881257,100.298000,27.931250,
100.564000,514.285293,100.558000,13.881252,100.494000,28.064583,
100.757000,514.733160,100.753000,13.881251,100.688000,27.975694,
100.953000,511.150227,100.949000,13.881250,100.883000,27.946065,
101.145000,516.972493,101.143000,13.881250,101.079000,27.936188,
101.340000,512.045960,101.339000,13.881250,101.273000,28.066229,
101.535000,515.181027,101.534000,13.881250,101.469000,27.976243,
101.732000,514.285293,101.729000,13.881250,101.664000,27.946248,
101.925000,512.493827,101.924000,13.881250,101.859000,28.069583,
102.121000,511.150227,102.119000,13.881250,102.054000,27.977361,
102.316000,509.806627,102.314000,13.881250,102.249000,27.946620,
102.510000,507.567293,102.509000,13.881250,102.445000,27.936373,
102.705000,505.327960,102.704000,13.881250,102.640000,27.932958,
102.902000,508.015160,102.899000,13.881250,102.834000,27.931819,
103.095000,507.567293,103.094000,13.881250,103.030000,27.931440,
103.291000,507.119427,103.289000,13.881250,103.225000,27.931313,
103.485000,510.254493,103.484000,13.881250,103.419000,27.931271,
103.684000,509.806627,103.680000,13.881250,103.614000,27.931257,
103.876000,510.254493,103.875000,13.881250,103.810000,27.931252,
104.071000,509.358760,104.070000,13.881250,104.005000,27.931251,
104.266000,507.567293,104.265000,13.881250,104.200000,27.931250,
104.471000,506.671560,104.460000,13.881250,104.395000,27.931250,
104.668000,506.223693,104.655000,13.881250,104.590000,27.931250,
104.861000,508.015160,104.850000,13.881250,104.786000,27.931250,
105.053000,510.254493,105.045000,13.881250,104.981000,27.931250,
105.243000,508.463027,105.240000,13.881250,105.175000,27.931250,
105.446000,507.567293,105.435000,13.881250,105.370000,27.931250,
105.632000,506.671560,105.631000,13.881250,105.565000,27.931250,
105.831000,505.327960,105.826000,13.881250,105.761000,27.931250,
106.023000,502.192893,106.021000,13.997917,105.956000,27.931250,
106.220000,503.536493,106.216000,13.920139,106.151000,27.931250,
106.413000,504.432227,106.411000,13.894213,106.346000,27.931250,
106.609000,505.775827,106.606000,13.885571,106.541000,27.931250,
106.806000,508.015160,106.801000,13.882690,106.736000,27.931250,
107.013000,508.015160,106.996000,13.998397,106.931000,27.931250,
107.199000,501.745027,107.191000,13.920299,107.126000,27.931250,
107.388000,499.505693,107.386000,13.894266,107.322000,27.931250,
107.583000,505.327960,107.581000,13.885589,107.522000,27.931250,
107.781000,507.119427,107.776000,13.882696,107.712000,27.931250,
107.975000,506.671560,107.972000,13.881732,107.907000,27.931250,
108.169000,506.671560,108.167000,13.881411,108.102000,27.931250,
108.363000,506.223693,108.362000,13.881304,108.298000,27.931250,
108.558000,505.775827,108.557000,13.881268,108.492000,27.931250,
108.757000,507.567293,108.752000,13.881256,108.687000,27.931250,
108.952000,507.567293,108.947000,13.881252,108.882000,27.931250,
109.146000,510.702360,109.143000,13.881251,109.077000,27.931250,
109.340000,510.254493,109.338000,13.881250,109.274000,27.931250,
109.534000,511.150227,109.533000,13.881250,109.469000,27.931250,
109.731000,511.150227,109.728000,13.881250,109.664000,27.931250,
109.931000,511.150227,109.923000,13.881250,109.859000,27.931250,
110.123000,512.045960,110.119000,13.881250,110.053000,27.931250,
110.336000,513.837427,110.314000,13.997917,110.249000,27.931250,
110.523000,516.076760,110.509000,13.920139,110.444000,27.931250,
110.710000,513.389560,110.704000,13.894213,110.639000,27.931250,
110.914000,510.254493,110.899000,13.885571,110.834000,27.931250,
111.095000,511.598093,111.094000,13.882690,111.029000,27.931250,
111.292000,511.150227,111.289000,13.881730,111.225000,27.931250,
111.501000,509.358760,111.484000,13.881410,111.420000,27.931250,
111.682000,506.671560,111.679000,13.881303,111.614000,27.931250,
111.876000,508.463027,111.874000,13.881268,111.809000,27.931250,
112.079000,508.463027,112.069000,13.881256,112.004000,27.931250,
112.266000,512.493827,112.264000,13.881252,112.200000,27.931250,
112.461000,512.493827,112.459000,13.881251,112.395000,27.931250,
112.656000,516.076760,112.655000,13.881250,112.591000,27.931250,
112.851000,513.837427,112.850000,13.881250,112.785000,27.931250,
113.046000,511.150227,113.045000,13.881250,112.980000,27.931250,
113.243000,510.254493,113.240000,13.881250,113.175000,27.931250,
113.439000,512.493827,113.435000,13.881250,113.370000,27.931250,
113.631000,512.045960,113.630000,13.881250,113.565000,27.931250,
113.827000,512.493827,113.825000,13.881250,113.760000,27.931250,
114.022000,511.598093,114.020000,13.881250,113.956000,27.931250,
114.217000,510.254493,114.215000,13.881250,114.150000,27.931250,
114.419000,508.463027,114.410000,13.881250,114.345000,27.931250,
114.607000,507.119427,114.606000,13.881250,114.540000,27.931250,
114.802000,506.223693,114.801000,13.881250,114.735000,28.064583,
114.997000,508.910893,114.996000,13.881250,114.931000,28.109028,
115.192000,507.567293,115.191000,13.881250,115.126000,27.990509,
115.387000,507.119427,115.386000,13.881250,115.321000,27.951003,
115.583000,506.671560,115.581000,13.881250,115.516000,27.937834,
115.778000,507.119427,115.776000,13.881250,115.711000,27.933445,
115.973000,504.432227,115.971000,13.881250,115.906000,27.931982,
116.168000,503.984360,116.166000,13.881250,116.101000,27.931494,
116.368000,502.640760,116.361000,13.881250,116.296000,27.931331,
116.560000,503.088627,116.556000,13.881250,116.491000,27.931277,
116.753000,503.536493,116.752000,13.881250,116.686000,27.931259,
116.951000,505.775827,116.947000,13.881250,116.882000,27.931253,
117.143000,506.671560,117.142000,13.881250,117.077000,27.931251,
117.339000,501.745027,117.337000,13.881250,117.272000,27.931250,
117.538000,504.880093,117.532000,13.881250,117.467000,27.931250,
117.736000,505.775827,117.727000,13.881250,117.662000,27.931250,
117.923000,501.745027,117.922000,13.881250,117.857000,27.931250,
118.119000,496.818493,118.117000,13.881250,118.052000,27.931250,
118.316000,499.505693,118.312000,13.881250,118.247000,27.931250,
118.513000,495.922760,118.508000,13.881250,118.443000,27.931250,
118.703000,494.131293,118.702000,13.881250,118.638000,27.931250,
118.903000,496.818493,118.898000,13.881250,118.833000,27.931250,
119.095000,489.652627,119.094000,13.881250,119.027000,27.931250,
119.289000,495.922760,119.288000,13.881250,119.223000,27.931250,
119.484000,497.714227,119.483000,13.881250,119.418000,27.931250,
119.682000,498.609960,119.678000,13.881250,119.613000,27.931250,
119.874000,499.505693,119.873000,13.881250,119.808000,27.931250,
120.070000,498.162093,120.068000,13.997917,120.003000,27.931250,
120.276000,497.714227,120.263000,13.920139,120.199000,27.931250,
120.461000,496.818493,120.458000,13.894213,120.393000,27.931250,
120.655000,493.235560,120.653000,13.885571,120.589000,27.931250,
120.850000,492.787693,120.848000,13.999357,120.784000,27.931250,
121.045000,496.818493,121.044000,13.920619,120.979000,27.931250,
121.241000,498.162093,121.239000,13.894373,121.174000,27.931250,
121.442000,499.057827,121.434000,14.002291,121.369000,27.931250,
121.631000,496.370627,121.629000,13.921597,121.564000,27.931250,
121.830000,496.818493,121.824000,14.011366,121.759000,27.931250,
122.023000,501.297160,122.019000,13.924622,121.954000,27.931250,
122.216000,499.505693,122.214000,14.012374,122.149000,27.931250,
122.411000,500.401427,122.409000,14.041625,122.344000,27.797917,
122.606000,504.432227,122.604000,13.934708,122.539000,27.886806,
122.801000,506.671560,122.799000,14.015736,122.742000,27.916435,
122.996000,504.880093,122.994000,13.926079,122.929000,27.926312,
123.191000,499.953560,123.190000,14.012860,123.124000,27.929604,
123.386000,495.474893,123.385000,13.925120,123.319000,27.930701,
123.582000,494.579160,123.580000,14.012540,123.515000,27.931067,
123.781000,495.027027,123.775000,14.041680,123.710000,27.931189,
123.971000,496.818493,123.970000,13.934727,123.905000,27.931230,
124.166000,496.818493,124.165000,13.899076,124.100000,27.931243,
124.370000,497.266360,124.360000,14.003859,124.295000,27.931248,
124.560000,495.922760,124.555000,13.922120,124.491000,27.931249,
124.754000,491.891960,124.750000,14.011540,124.686000,27.931250,
124.946000,495.474893,124.945000,14.041347,124.881000,27.931250,
125.143000,495.474893,125.141000,14.051282,125.076000,27.931250,
125.337000,494.131293,125.335000,14.054594,125.270000,27.931250,
125.537000,495.922760,125.532000,14.055698,125.465000,27.931250,
125.727000,498.162093,125.726000,14.056066,125.661000,27.931250,
125.921000,499.057827,125.921000,14.056189,125.856000,27.931250,
126.117000,499.953560,126.116000,14.056230,126.051000,27.931250,
126.313000,498.162093,126.311000,14.056243,126.246000,27.931250,
126.507000,496.370627,126.506000,14.056248,126.441000,27.931250,
126.704000,498.609960,126.702000,14.056249,126.638000,27.931250,
126.901000,497.266360,126.898000,14.056250,126.833000,27.931250,
127.094000,495.474893,127.092000,13.939583,127.028000,27.931250,
127.288000,495.474893,127.287000,14.017361,127.223000,27.931250,
127.484000,496.818493,127.482000,14.043287,127.417000,27.931250,
127.687000,496.370627,127.678000,14.051929,127.612000,27.931250,
127.874000,494.131293,127.873000,14.054810,127.807000,28.064583,
128.070000,491.444093,128.068000,14.055770,128.003000,27.975694,
128.270000,492.339827,128.263000,14.056090,128.198000,28.079398,
128.460000,492.787693,128.458000,14.056197,128.393000,27.980633,
128.655000,493.235560,128.653000,14.056232,128.588000,27.947711,
128.849000,495.027027,128.848000,14.056244,128.783000,28.070070,
129.046000,495.474893,129.043000,14.056248,128.978000,27.977523,
129.240000,496.370627,129.238000,14.056249,129.173000,27.946674,
129.437000,497.266360,129.433000,14.056250,129.368000,28.069725,
129.638000,498.162093,129.628000,14.056250,129.564000,27.977408,
129.825000,499.953560,129.823000,14.056250,129.759000,28.079969,
130.020000,499.057827,130.019000,14.056250,129.954000,28.114156,
130.215000,498.609960,130.214000,14.056250,130.149000,28.125552,
130.410000,499.953560,130.409000,14.056250,130.344000,28.129351,
130.605000,503.088627,130.604000,14.056250,130.539000,28.130617,
130.800000,502.640760,130.799000,14.056250,130.734000,28.131039,
131.001000,502.640760,130.995000,14.056250,130.929000,27.997846,
131.191000,503.984360,131.189000,14.056250,131.124000,28.086782,
131.386000,503.088627,131.384000,14.056250,131.320000,28.116427,
131.583000,503.536493,131.580000,14.056250,131.515000,27.992976,
131.777000,501.297160,131.774000,14.056250,131.710000,28.085159,
131.972000,498.162093,131.969000,14.056250,131.904000,28.115886,
132.177000,500.849293,132.165000,14.056250,132.100000,28.126129,
132.361000,499.505693,132.360000,14.056250,132.295000,28.129543,
132.556000,499.505693,132.555000,14.056250,132.491000,28.130681,
132.751000,502.192893,132.750000,13.939583,132.685000,28.131060,
132.948000,505.327960,132.945000,14.017361,132.884000,28.131187,
133.141000,503.984360,133.140000,14.043287,133.075000,28.131229,
133.338000,501.297160,133.335000,13.935262,133.270000,28.131243,
133.542000,500.849293,133.530000,14.015921,133.466000,28.131248,
133.734000,499.505693,133.725000,13.926140,133.661000,28.131249,
133.922000,504.432227,133.920000,14.012880,133.855000,28.131250,
134.128000,503.088627,134.115000,14.041793,134.051000,28.131250,
134.315000,499.953560,134.311000,13.934764,134.245000,28.131250,
134.507000,502.192893,134.506000,13.899088,134.441000,28.131250,
134.702000,502.640760,134.701000,14.003863,134.636000,28.131250,
134.907000,500.849293,134.898000,14.038788,134.831000,28.131250,
135.093000,500.849293,135.091000,13.933763,135.026000,28.131250,
135.290000,499.505693,135.286000,14.015421,135.221000,28.131250,
135.482000,499.505693,135.481000,14.042640,135.416000,28.131250,
135.678000,500.849293,135.676000,14.051713,135.611000,28.131250,
135.873000,499.057827,135.871000,13.938071,135.807000,28.131250,
136.069000,499.953560,136.066000,13.900190,136.001000,28.131250,
136.263000,500.849293,136.261000,14.004230,136.197000,28.131250,
136.459000,502.192893,136.456000,14.038910,136.391000,28.131250,
136.654000,502.640760,136.652000,14.050470,136.587000,28.131250,
136.848000,505.327960,136.847000,14.054323,136.782000,28.131250,
137.045000,503.984360,137.042000,13.938941,136.977000,28.131250,
137.238000,503.536493,137.237000,14.017147,137.172000,28.131250,
137.433000,503.984360,137.432000,13.926549,137.367000,28.131250,
137.635000,504.432227,137.627000,13.896350,137.562000,28.131250,
137.823000,503.536493,137.822000,14.023783,137.757000,28.152083,
138.018000,502.192893,138.017000,14.066261,137.952000,28.159028,
138.220000,501.297160,138.212000,13.963754,138.147000,28.161343,
138.414000,501.745027,138.407000,13.929585,138.342000,28.162114,
138.604000,502.192893,138.602000,13.918195,138.537000,28.162371,
138.810000,499.505693,138.797000,14.031065,138.733000,28.162457,
138.994000,498.609960,138.993000,13.952022,138.927000,28.162486,
139.190000,499.505693,139.187000,13.925674,139.123000,28.162495,
139.388000,499.057827,139.383000,13.916891,139.318000,28.162498,
139.580000,500.401427,139.578000,13.913964,139.513000,28.162499,
139.787000,497.266360,139.773000,13.912988,139.708000,28.162500,
139.977000,497.714227,139.968000,13.912663,139.903000,28.162500,
140.167000,499.505693,140.163000,13.912554,140.098000,28.162500,
140.362000,501.745027,140.358000,13.912518,140.294000,28.162500,
140.554000,499.505693,140.553000,13.912506,140.488000,28.162500,
140.750000,496.818493,140.748000,13.891669,140.683000,28.141667,
140.944000,495.922760,140.943000,13.905556,140.879000,28.155556,
141.140000,495.474893,141.138000,13.910185,141.073000,28.160185,
141.335000,496.370627,141.333000,13.890895,141.269000,28.140895,
141.530000,492.339827,141.528000,13.905298,141.464000,28.155298,
141.725000,490.100493,141.723000,13.910099,141.659000,28.160099,
141.922000,493.235560,141.919000,13.911700,141.854000,28.161700,
142.115000,492.339827,142.114000,13.912233,142.049000,28.162233,
142.327000,490.100493,142.309000,13.912411,142.243000,28.162411,
142.505000,488.756893,142.504000,13.912470,142.439000,28.162470,
142.701000,488.309027,142.699000,13.912490,142.634000,28.162490,
142.895000,490.548360,142.894000,13.912497,142.829000,28.162497,
143.090000,492.787693,143.089000,13.912499,143.024000,28.162499,
143.293000,496.370627,143.284000,13.912500,143.219000,28.162500,
143.480000,495.922760,143.479000,14.029167,143.414000,28.162500,
143.689000,494.579160,143.674000,13.951389,143.609000,28.162500,
143.871000,496.818493,143.869000,13.925463,143.804000,28.162500,
144.075000,497.266360,144.065000,13.916821,143.999000,28.162500,
144.267000,497.714227,144.261000,13.913940,144.195000,28.162500,
144.462000,497.266360,144.456000,13.912980,144.390000,28.162500,
144.658000,495.474893,144.650000,13.912660,144.585000,28.162500,
144.850000,494.579160,144.845000,13.912553,144.781000,28.162500,
145.042000,493.683427,145.040000,13.912518,144.976000,28.162500,
145.237000,494.131293,145.235000,13.912506,145.171000,28.162500,
145.432000,495.474893,145.431000,13.912502,145.366000,28.162500,
145.628000,495.474893,145.626000,13.912501,145.561000,28.162500,
145.824000,497.266360,145.821000,13.912500,145.756000,28.162500,
146.020000,496.370627,146.016000,13.912500,145.951000,28.162500,
146.212000,495.027027,146.211000,13.912500,146.146000,28.162500,
146.425000,493.235560,146.406000,13.912500,146.341000,28.162500,
146.602000,492.339827,146.601000,13.912500,146.536000,28.162500,
146.801000,491.891960,146.796000,13.912500,146.732000,28.162500,
146.996000,490.996227,146.991000,13.912500,146.926000,28.162500,
147.201000,489.204760,147.187000,13.912500,147.122000,28.162500,
147.383000,489.204760,147.381000,14.029167,147.316000,28.162500,
147.579000,488.756893,147.576000,14.068056,147.512000,28.162500,
147.773000,491.891960,147.771000,13.964352,147.707000,28.162500,
147.985000,494.579160,147.966000,13.929784,147.902000,28.162500,
148.166000,495.474893,148.162000,13.918261,148.097000,28.162500,
148.358000,495.027027,148.357000,13.914420,148.292000,28.162500,
148.556000,497.714227,148.552000,13.913140,148.487000,28.162500,
148.763000,497.714227,148.747000,13.912713,148.682000,28.162500,
148.956000,494.579160,148.942000,13.912571,148.877000,28.162500,
149.141000,492.339827,149.137000,13.912524,149.072000,28.162500,
149.333000,492.787693,149.332000,13.912508,149.267000,28.162500,
149.530000,497.266360,149.527000,13.912503,149.462000,28.162500,
149.725000,499.505693,149.722000,13.912501,149.657000,28.029167,
149.918000,499.057827,149.917000,13.912500,149.853000,28.118056,
150.117000,501.297160,150.112000,13.912500,150.047000,28.147685,
150.321000,502.640760,150.307000,13.912500,150.242000,28.157562,
150.505000,502.640760,150.502000,13.912500,150.437000,28.160854,
150.701000,502.640760,150.697000,13.912500,150.633000,28.161951,
150.894000,502.192893,150.892000,13.912500,150.827000,28.028984,
151.092000,502.640760,151.087000,13.912500,151.022000,28.117995,
151.286000,502.640760,151.283000,13.912500,151.218000,28.014332,
151.504000,502.192893,151.490000,13.912500,151.412000,28.113111,
151.674000,504.880093,151.672000,13.912500,151.609000,28.146037,
151.869000,504.880093,151.868000,13.912500,151.802000,28.157012,
152.064000,499.057827,152.063000,13.912500,151.998000,28.160671,
152.259000,500.401427,152.258000,13.912500,152.193000,28.161890,
152.454000,498.162093,152.453000,13.912500,152.388000,28.162297,
152.650000,497.266360,152.648000,13.912500,152.584000,28.029099,
152.844000,498.162093,152.843000,13.912500,152.778000,27.984700,
153.045000,497.266360,153.038000,13.912500,152.973000,27.969900,
153.242000,499.057827,153.233000,13.912500,153.168000,27.964967,
153.432000,501.297160,153.428000,13.912500,153.363000,27.963322,
153.638000,500.849293,153.624000,13.912500,153.559000,27.962774,
153.827000,500.849293,153.818000,13.912500,153.753000,27.962591,
154.024000,500.401427,154.014000,13.912500,153.949000,27.962530,
154.217000,497.266360,154.209000,13.912500,154.143000,27.962510,
154.405000,495.027027,154.403000,13.912500,154.339000,27.962503,
154.605000,498.609960,154.599000,13.912500,154.534000,27.962501,
154.808000,498.609960,154.794000,13.912500,154.729000,27.962500,
154.990000,498.609960,154.989000,13.912500,154.924000,27.962500,
155.185000,498.609960,155.184000,13.912500,155.119000,27.962500,
155.388000,502.192893,155.379000,13.912500,155.314000,27.962500,
155.576000,501.297160,155.574000,13.912500,155.509000,27.962500,
155.771000,500.849293,155.769000,13.912500,155.704000,27.962500,
155.965000,502.192893,155.964000,13.912500,155.899000,27.962500,
156.160000,500.401427,156.159000,13.912500,156.094000,27.962500,
156.356000,500.401427,156.354000,13.912500,156.289000,28.095833,
156.551000,495.474893,156.549000,13.912500,156.484000,28.140278,
156.753000,493.235560,156.744000,13.933333,156.679000,28.042593,
156.941000,497.266360,156.939000,13.940278,156.874000,28.010031,
157.137000,500.849293,157.134000,13.942593,157.069000,27.999177,
157.335000,499.953560,157.329000,13.943364,157.265000,27.995559,
157.526000,495.922760,157.525000,13.810288,157.460000,27.994353,
157.721000,497.714227,157.720000,13.878429,157.655000,27.973118,
157.933000,499.505693,157.915000,13.921976,157.850000,27.986873,
158.111000,497.714227,158.110000,13.915659,158.045000,27.970624,
158.323000,497.266360,158.305000,13.934386,158.240000,27.986041,
158.501000,499.057827,158.500000,13.919795,158.435000,27.970347,
158.706000,501.745027,158.695000,13.914932,158.630000,27.965116,
158.894000,501.745027,158.890000,13.913311,158.825000,27.963372,
159.089000,496.818493,159.085000,13.912770,159.020000,27.962791,
159.282000,499.505693,159.280000,13.912590,159.215000,27.962597,
159.479000,498.162093,159.476000,13.800030,159.410000,27.983366,
159.675000,496.818493,159.670000,13.875010,159.605000,27.969455,
159.867000,496.370627,159.865000,13.900003,159.800000,27.964818,
160.065000,497.266360,160.060000,13.929168,159.995000,27.984106,
160.257000,498.162093,160.255000,13.918056,160.190000,27.969702,
160.456000,499.505693,160.451000,13.801852,160.385000,28.119067,
160.656000,498.162093,160.646000,13.875617,160.581000,28.014689,
160.855000,494.579160,160.841000,13.921039,160.776000,28.000730,
161.050000,497.714227,161.036000,13.936180,160.971000,27.996077,
161.232000,495.474893,161.231000,13.941227,161.166000,27.994526,
161.432000,490.100493,161.426000,13.942909,161.361000,27.994009,
161.623000,483.382493,161.622000,13.943470,161.557000,28.127170,
161.826000,489.652627,161.817000,13.943657,161.752000,28.038223,
162.014000,499.057827,162.012000,13.922886,161.948000,28.121074,
162.209000,499.057827,162.207000,13.936795,162.143000,28.036191,
162.407000,499.953560,162.403000,13.941432,162.337000,28.141230,
162.602000,498.609960,162.597000,13.922144,162.533000,28.022077,
162.794000,498.162093,162.793000,13.936548,162.727000,28.136526,
162.989000,496.370627,162.988000,13.941349,162.923000,28.174675,
163.184000,494.579160,163.183000,13.942950,163.118000,28.054058,
163.379000,496.370627,163.378000,13.943483,163.313000,28.147186,
163.579000,497.714227,163.573000,13.789494,163.508000,28.157395,
163.770000,499.505693,163.768000,13.871498,163.703000,28.027465,
163.968000,500.401427,163.963000,13.765499,163.898000,27.984155,
164.159000,498.609960,164.158000,13.863500,164.093000,28.103052,
164.355000,496.818493,164.353000,13.896167,164.288000,28.009351,
164.553000,497.266360,164.549000,13.773722,164.483000,27.978117,
164.745000,496.818493,164.743000,13.866241,164.679000,27.967706,
164.942000,498.162093,164.939000,13.763747,164.874000,28.097569,
165.134000,496.818493,165.133000,13.862916,165.069000,28.140856,
165.329000,496.370627,165.328000,13.762639,165.264000,28.155285,
165.526000,496.370627,165.524000,13.750046,165.459000,28.047595,
165.720000,494.579160,165.719000,13.725015,165.654000,27.990865,
165.926000,496.370627,165.914000,13.716672,165.849000,27.971955,
166.120000,496.370627,166.109000,13.713891,166.044000,27.965652,
166.305000,495.027027,166.304000,13.867130,166.239000,27.984384,
166.500000,498.162093,166.499000,13.784877,166.434000,27.990628,
166.697000,498.162093,166.694000,13.736626,166.629000,27.971876,
166.891000,496.818493,166.889000,13.741375,166.824000,27.986459,
167.085000,500.401427,167.084000,13.742958,167.019000,27.991320,
167.281000,500.849293,167.279000,13.743486,167.214000,27.992940,
167.476000,503.088627,167.474000,13.743662,167.410000,27.993480,
167.671000,501.297160,167.669000,13.743721,167.605000,28.126993,
167.867000,502.192893,167.864000,13.743740,167.800000,28.171498,
168.061000,499.953560,168.059000,13.743747,167.995000,28.052999,
168.256000,499.057827,168.255000,13.743749,168.189000,28.146833,
168.452000,496.370627,168.450000,13.743750,168.385000,28.178111,
168.646000,498.162093,168.645000,13.743750,168.580000,28.055204,
168.844000,495.474893,168.840000,13.743750,168.775000,28.014235,
169.037000,496.370627,169.035000,13.743750,168.970000,28.000578,
169.232000,495.474893,169.230000,13.743750,169.165000,28.129359,
169.427000,497.714227,169.425000,13.743750,169.361000,28.038953,
169.622000,494.579160,169.620000,13.743750,169.556000,28.008818,
169.817000,496.818493,169.815000,13.743750,169.751000,27.998773,
170.020000,498.162093,170.011000,13.743750,169.945000,27.995424,
170.209000,498.609960,170.206000,13.743750,170.140000,27.994308,
170.402000,497.266360,170.401000,13.743750,170.336000,27.993936,
170.600000,498.609960,170.596000,13.743750,170.531000,27.993812,
170.797000,499.505693,170.791000,13.743750,170.726000,27.993771,
170.988000,497.714227,170.986000,13.743750,170.921000,27.993757,
171.183000,496.370627,171.181000,13.743750,171.116000,27.993752,
171.379000,493.235560,171.376000,13.743750,171.312000,28.127084,
171.573000,488.756893,171.571000,13.743750,171.507000,28.038195,
171.769000,495.027027,171.766000,13.743750,171.701000,28.141898,
171.964000,495.922760,171.961000,13.743750,171.896000,28.176466,
172.158000,495.474893,172.156000,13.743750,172.091000,28.054655,
172.353000,494.131293,172.351000,13.743750,172.287000,28.014052,
172.550000,495.474893,172.547000,13.743750,172.481000,28.000517,
172.747000,493.683427,172.742000,13.743750,172.677000,27.996006,
172.939000,496.818493,172.937000,13.743750,172.872000,27.994502,
173.133000,498.162093,173.132000,13.743750,173.067000,27.994001,
173.336000,498.609960,173.327000,13.743750,173.262000,28.127167,
173.524000,501.745027,173.522000,13.743750,173.457000,28.038222,
173.719000,500.849293,173.717000,13.743750,173.652000,28.008574,
173.917000,502.640760,173.912000,13.743750,173.847000,27.998691,
174.109000,502.192893,174.107000,13.743750,174.042000,27.995397,
174.308000,500.849293,174.302000,13.743750,174.237000,27.994299,
174.508000,498.162093,174.498000,13.743750,174.432000,27.993933,
174.695000,499.505693,174.692000,13.743750,174.628000,27.993811,
174.890000,500.849293,174.888000,13.743750,174.823000,28.127104,
175.085000,502.192893,175.083000,13.610417,175.018000,28.171535,
175.282000,500.849293,175.278000,13.699306,175.213000,28.186345,
175.477000,497.714227,175.473000,13.728935,175.408000,28.057948,
175.671000,499.953560,175.668000,13.738812,175.603000,28.015149,
175.869000,498.609960,175.863000,13.742104,175.799000,28.134216,
176.064000,497.714227,176.058000,13.743201,175.994000,28.173905,
176.256000,499.505693,176.253000,13.610234,176.188000,28.187135,
176.452000,500.401427,176.448000,13.699245,176.383000,28.191545,
176.650000,497.714227,176.643000,13.728915,176.578000,28.059682,
176.850000,497.266360,176.838000,13.738805,176.774000,28.149061,
177.041000,497.266360,177.034000,13.742102,176.969000,28.178854,
177.251000,496.818493,177.229000,13.743201,177.164000,28.188785,
177.425000,495.922760,177.424000,13.743567,177.359000,28.192095,
177.620000,497.266360,177.619000,13.743689,177.554000,28.193198,
177.817000,497.714227,177.814000,13.743730,177.749000,28.193566,
178.025000,497.266360,178.009000,13.610410,177.944000,28.193689,
178.206000,494.131293,178.204000,13.699303,178.139000,28.060396,
178.402000,494.131293,178.399000,13.728934,178.335000,28.149299,
178.596000,492.787693,178.594000,13.738811,178.529000,28.178933,
178.794000,496.818493,178.790000,13.742104,178.725000,28.055478,
179.003000,491.891960,178.985000,13.743201,178.920000,28.147659,
179.186000,495.922760,179.181000,13.743567,179.116000,28.178386,
179.377000,495.922760,179.376000,13.743689,179.311000,28.055295,
179.573000,495.922760,179.571000,13.743730,179.506000,28.014265,
179.767000,494.579160,179.766000,13.743743,179.701000,28.133922,
179.964000,493.235560,179.961000,13.743748,179.897000,28.040474,
180.159000,489.204760,180.156000,13.743749,180.091000,28.009325,
180.352000,489.204760,180.351000,13.743750,180.286000,28.132275,
180.550000,488.756893,180.546000,13.743750,180.481000,28.173258,
180.747000,486.517560,180.741000,13.743750,180.676000,28.053586,
180.947000,489.652627,180.936000,13.743750,180.872000,28.147029,
181.133000,490.548360,181.131000,13.743750,181.067000,28.178176,
181.333000,488.756893,181.328000,13.743750,181.261000,28.188559,
181.525000,487.861160,181.522000,13.743750,181.457000,28.192020,
181.722000,486.517560,181.717000,13.743750,181.652000,28.059840,
181.913000,485.621827,181.912000,13.743750,181.847000,28.149113,
182.111000,484.726093,182.107000,13.743750,182.042000,28.178871,
182.321000,483.382493,182.303000,13.743750,182.237000,28.055457,
182.499000,486.965427,182.497000,13.743750,182.432000,28.014319,
182.693000,488.756893,182.692000,13.743750,182.627000,28.000606,
182.888000,487.413293,182.887000,13.743750,182.823000,27.996035,
183.084000,489.204760,183.082000,13.743750,183.017000,28.127845,
183.280000,488.756893,183.277000,13.743750,183.213000,28.038448,
183.474000,491.444093,183.472000,13.743750,183.407000,28.141983,
183.677000,490.996227,183.667000,13.743750,183.603000,28.043161,
183.864000,490.548360,183.862000,13.743750,183.797000,28.010220,
184.062000,490.996227,184.058000,13.743750,183.993000,27.999240,
184.275000,489.204760,184.253000,13.743750,184.188000,27.995580,
184.450000,492.339827,184.448000,13.743750,184.383000,27.994360,
184.646000,489.652627,184.643000,13.743750,184.578000,27.993953,
184.840000,490.996227,184.838000,13.743750,184.773000,27.993818,
185.037000,491.444093,185.033000,13.743750,184.969000,27.993773,
185.234000,490.996227,185.228000,13.743750,185.163000,27.993758,
185.424000,492.787693,185.423000,13.743750,185.358000,27.993753,
185.620000,492.787693,185.618000,13.743750,185.554000,27.993751,
185.815000,488.756893,185.813000,13.743750,185.748000,27.993750,
186.010000,488.309027,186.008000,13.743750,185.943000,27.993750,
186.217000,487.861160,186.204000,13.877083,186.139000,27.993750,
186.400000,488.756893,186.399000,13.788194,186.334000,27.993750,
186.595000,488.309027,186.594000,13.758565,186.529000,27.993750,
186.789000,489.652627,186.789000,13.748688,186.724000,27.993750,
186.990000,489.652627,186.984000,13.745396,186.919000,27.993750,
187.180000,487.413293,187.179000,13.744299,187.114000,28.127083,
187.378000,486.517560,187.374000,13.743933,187.309000,28.038194,
187.573000,486.965427,187.569000,13.743811,187.505000,28.141898,
187.768000,485.621827,187.764000,13.743770,187.700000,28.043133,
187.961000,487.413293,187.959000,13.743757,187.895000,28.010211,
188.156000,489.204760,188.154000,13.743752,188.090000,27.999237,
188.359000,487.861160,188.350000,13.743751,188.285000,27.995579,
188.547000,488.309027,188.545000,13.743750,188.480000,27.994360,
188.744000,489.652627,188.740000,13.743750,188.675000,27.993953,
188.948000,490.100493,188.935000,13.743750,188.870000,27.993818,
189.131000,490.548360,189.130000,13.722917,189.065000,27.972939,
189.326000,488.756893,189.325000,13.736806,189.260000,27.986813,
189.522000,488.309027,189.520000,13.874769,189.455000,27.991438,
189.716000,490.100493,189.715000,13.787423,189.650000,27.992979,
189.913000,489.652627,189.910000,13.758308,189.846000,28.126826,
190.109000,485.173960,190.106000,13.748603,190.041000,28.038109,
190.306000,492.787693,190.300000,13.745368,190.236000,28.008536,
190.500000,492.339827,190.496000,13.744289,190.431000,27.998679,
190.692000,490.996227,190.690000,13.743930,190.626000,27.995393,
190.887000,492.339827,190.886000,13.743810,190.821000,27.994298,
191.082000,490.100493,191.081000,13.743770,191.016000,27.993933,
191.278000,484.726093,191.276000,13.743757,191.211000,27.993811,
191.474000,487.413293,191.471000,13.743752,191.406000,27.993770,
191.668000,492.339827,191.667000,13.743751,191.601000,27.993757,
191.862000,490.548360,191.861000,13.743750,191.796000,27.993752,
192.057000,491.444093,192.056000,13.743750,191.991000,27.993751,
192.253000,495.027027,192.251000,13.743750,192.186000,27.993750,
192.449000,493.235560,192.446000,13.743750,192.381000,27.993750,
192.648000,495.474893,192.641000,13.743750,192.576000,27.993750,
192.846000,492.787693,192.836000,13.743750,192.771000,27.993750,
193.033000,490.548360,193.031000,13.743750,192.967000,27.993750,
193.236000,490.996227,193.227000,13.743750,193.161000,27.993750,
193.424000,495.027027,193.422000,13.743750,193.357000,27.993750,
193.620000,495.027027,193.617000,13.743750,193.552000,27.993750,
193.814000,495.474893,193.812000,13.877083,193.747000,27.993750,
194.017000,490.548360,194.007000,13.788194,193.942000,27.993750,
194.204000,484.726093,194.202000,13.758565,194.137000,27.993750,
194.406000,486.069693,194.397000,13.748688,194.332000,27.993750,
194.594000,488.756893,194.592000,13.745396,194.527000,27.993750,
194.791000,488.756893,194.788000,13.744299,194.723000,27.993750,
194.985000,487.413293,194.982000,13.743933,194.918000,27.993750,
195.180000,486.965427,195.178000,13.743811,195.113000,27.993750,
195.375000,489.652627,195.373000,13.743770,195.308000,27.993750,
195.570000,488.309027,195.568000,13.743757,195.503000,27.993750,
195.764000,485.173960,195.763000,13.743752,195.698000,27.993750,
195.973000,488.756893,195.958000,13.743751,195.893000,27.993750,
196.155000,489.204760,196.153000,13.743750,196.088000,27.993750,
196.350000,491.891960,196.348000,13.743750,196.283000,27.993750,
196.546000,493.683427,196.544000,13.743750,196.478000,27.993750,
196.741000,492.787693,196.739000,13.743750,196.675000,27.993750,
196.937000,490.996227,196.934000,13.743750,196.869000,27.993750,
197.135000,478.455960,197.130000,13.743750,197.064000,27.993750,
197.334000,337.377960,197.324000,13.743750,197.260000,28.127083,
197.521000,181.520360,197.519000,13.743750,197.455000,28.038194,
197.717000,65.970760,197.715000,13.877083,197.650000,28.008565,
197.913000,-18.228173,197.910000,14.038194,197.845000,27.998688,
198.106000,-79.585907,198.105000,14.091898,198.040000,28.128729,
198.303000,-131.090573,198.300000,14.243133,198.235000,28.038743,
198.500000,-171.398573,198.496000,14.426878,198.430000,28.008748,
198.695000,-201.405640,198.691000,14.621459,198.625000,27.998749,
198.890000,-225.142573,198.886000,14.819653,198.821000,27.995416,
199.086000,-244.400840,199.081000,15.002384,199.016000,27.994305,
199.278000,-260.971907,199.276000,15.063295,199.211000,28.127268,
199.474000,-274.407907,199.471000,15.216932,199.407000,28.038256,
199.672000,-283.365240,199.666000,15.401477,199.602000,28.008585,
199.864000,-294.114040,199.861000,15.596326,199.797000,28.132028,
200.058000,-296.801240,200.057000,15.661275,199.992000,28.039843,
200.253000,-302.623507,200.252000,15.949592,200.187000,28.009114,
200.450000,-308.893640,200.447000,16.045697,200.382000,27.998871,
200.644000,-312.924440,200.642000,16.194399,200.578000,27.995457,
200.839000,-314.715907,200.837000,16.377300,200.773000,27.994319,
201.035000,-317.403107,201.032000,16.438267,200.968000,27.993940,
201.234000,-315.611640,201.228000,16.591922,201.163000,27.993813,
201.425000,-314.715907,201.423000,16.643141,201.358000,27.860438,
201.622000,-315.163773,201.618000,16.793547,201.553000,27.949313,
201.815000,-316.059507,201.814000,16.843682,201.749000,27.845604,
202.013000,-319.194573,202.009000,16.993727,201.944000,27.811035,
202.208000,-319.642440,202.204000,17.043742,202.139000,27.932845,
202.403000,-316.507373,202.399000,17.177081,202.334000,27.840115,
202.597000,-315.611640,202.594000,17.221527,202.529000,27.809205,
202.790000,-313.372307,202.789000,17.369676,202.724000,27.798902,
202.987000,-313.372307,202.984000,17.419059,202.920000,27.795467,
203.183000,-312.476573,203.180000,17.435520,203.115000,27.794322,
203.377000,-310.237240,203.375000,17.574340,203.310000,27.793941,
203.581000,-307.997907,203.571000,17.620613,203.505000,27.660480,
203.770000,-307.550040,203.765000,17.769371,203.700000,27.615993,
203.975000,-304.862840,203.960000,17.818957,203.895000,27.601164,
204.160000,-303.967107,204.155000,17.835486,204.091000,27.596221,
204.361000,-301.727773,204.351000,17.974329,204.286000,27.594574,
204.548000,-299.936307,204.546000,18.020610,204.481000,27.594025,
204.747000,-297.249107,204.741000,18.036037,204.676000,27.593842,
204.943000,-296.353373,204.936000,18.157846,204.871000,27.477114,
205.132000,-294.561907,205.131000,18.198449,205.067000,27.438205,
205.330000,-290.978973,205.326000,18.211983,205.261000,27.425235,
205.523000,-290.531107,205.521000,18.216494,205.456000,27.420912,
205.722000,-288.739640,205.717000,18.351331,205.652000,27.419471,
205.920000,-285.604573,205.912000,18.396277,205.847000,27.418990,
206.110000,-282.021640,206.107000,18.411259,206.042000,27.285497,
206.303000,-278.438707,206.302000,18.416253,206.237000,27.240999,
206.499000,-276.647240,206.497000,18.417918,206.432000,27.226166,
206.695000,-274.407907,206.692000,18.551806,206.628000,27.221222,
206.903000,-272.616440,206.888000,18.596435,206.823000,27.086241,
207.085000,-270.377107,207.083000,18.611312,207.018000,27.174580,
207.282000,-268.585640,207.278000,18.616271,207.213000,27.070693,
207.476000,-266.346307,207.473000,18.617924,207.409000,26.902731,
207.671000,-263.659107,207.668000,18.618475,207.604000,26.846744,
207.867000,-260.971907,207.864000,18.751992,207.799000,26.694748,
208.060000,-258.732573,208.059000,18.796497,207.994000,26.777416,
208.256000,-256.493240,208.254000,18.811332,208.189000,26.671639,
208.451000,-253.806040,208.449000,18.816277,208.384000,26.636380,
208.652000,-248.431640,208.645000,18.817926,208.579000,26.624627,
208.844000,-245.296573,208.840000,18.818475,208.775000,26.620709,
209.053000,-241.265773,209.035000,18.951992,208.970000,26.619403,
209.231000,-239.922173,209.230000,18.996497,209.165000,26.618968,
209.431000,-237.234973,209.425000,19.011332,209.360000,26.618823,
209.622000,-234.995640,209.620000,19.016277,209.555000,26.618774,
209.819000,-235.443507,209.815000,19.017926,209.751000,26.618758,
210.013000,-234.099907,210.011000,19.151809,209.945000,26.502086,
210.207000,-233.652040,210.206000,19.196436,210.141000,26.463195,
210.402000,-234.547773,210.401000,19.211312,210.336000,26.450232,
210.600000,-231.412707,210.596000,19.216271,210.532000,26.445911,
210.793000,-227.829773,210.792000,19.217924,210.726000,26.444470,
210.988000,-226.934040,210.986000,19.218475,210.922000,26.443990,
211.183000,-226.038307,211.182000,19.218658,211.117000,26.443830,
211.386000,-224.694707,211.377000,19.218719,211.312000,26.443777,
211.574000,-223.798973,211.572000,19.335406,211.507000,26.443759,
211.769000,-223.351107,211.767000,19.374302,211.702000,26.443753,
211.966000,-222.007507,211.965000,19.387267,211.897000,26.443751,
212.159000,-218.872440,212.157000,19.391589,212.093000,26.443750,
212.355000,-216.185240,212.353000,19.393030,212.288000,26.443750,
212.549000,-215.737373,212.548000,19.393510,212.483000,26.310417,
212.746000,-213.945907,212.743000,19.393670,212.678000,26.265972,
212.939000,-212.602307,212.938000,19.547890,212.873000,26.271991,
213.134000,-211.258707,213.133000,19.578463,213.068000,26.253164,
213.333000,-210.810840,213.329000,19.588654,213.263000,26.246888,
213.524000,-209.019373,213.524000,19.592051,213.459000,26.244796,
213.720000,-208.571507,213.719000,19.614017,213.654000,26.264932,
213.917000,-207.227907,213.914000,19.600506,213.849000,26.250811,
214.113000,-205.436440,214.110000,19.616835,214.045000,26.266937,
214.307000,-203.644973,214.305000,19.601445,214.241000,26.251479,
214.502000,-200.062040,214.501000,19.729648,214.435000,26.112993,
214.697000,-197.822707,214.695000,19.793216,214.630000,26.220998,
214.893000,-195.583373,214.891000,19.814405,214.826000,26.123666,
215.088000,-192.448307,215.086000,19.821468,215.021000,26.091222,
215.286000,-192.000440,215.281000,19.823823,215.216000,26.080407,
215.477000,-190.656840,215.476000,19.824608,215.411000,26.076802,
215.678000,-188.417507,215.671000,19.824869,215.606000,26.075601,
215.868000,-188.865373,215.866000,19.824956,215.802000,26.075200,
216.064000,-186.178173,216.061000,19.824985,215.996000,26.075067,
216.258000,-185.730307,216.257000,19.824995,216.191000,26.075022,
216.465000,-183.938840,216.452000,19.824998,216.387000,26.075007,
216.649000,-183.490973,216.647000,19.824999,216.582000,26.075002,
216.845000,-181.699507,216.842000,19.825000,216.777000,26.075001,
217.044000,-179.012307,217.041000,19.825000,216.972000,26.075000,
217.243000,-177.668707,217.232000,19.958333,217.167000,26.075000,
217.459000,-175.429373,217.427000,20.002778,217.362000,26.075000,
217.624000,-174.533640,217.622000,19.884259,217.558000,26.075000,
217.823000,-172.294307,217.817000,19.978086,217.752000,26.075000,
218.019000,-170.502840,218.013000,20.009362,217.947000,25.941667,
218.210000,-169.159240,218.208000,20.019787,218.143000,25.897222,
218.405000,-167.367773,218.403000,20.023262,218.338000,25.882407,
218.602000,-166.024173,218.598000,20.024421,218.534000,25.877469,
218.795000,-165.576307,218.793000,20.024807,218.728000,25.875823,
218.997000,-166.472040,218.988000,20.024936,218.923000,25.875274,
219.185000,-163.784840,219.183000,20.158312,219.118000,25.875091,
219.382000,-163.336973,219.378000,20.069437,219.313000,25.875030,
219.580000,-162.441240,219.574000,20.039812,219.509000,25.875010,
219.770000,-160.201907,219.769000,20.163271,219.704000,25.875003,
219.965000,-160.201907,219.964000,20.204424,219.899000,25.875001,
220.166000,-159.754040,220.159000,20.218141,220.094000,25.875000,
220.356000,-162.889107,220.354000,20.222714,220.289000,25.875000,
220.579000,-157.514707,220.550000,20.224238,220.485000,25.875000,
220.746000,-156.171107,220.744000,20.224746,220.680000,25.741667,
220.947000,-157.066840,220.940000,20.224915,220.875000,25.830556,
221.147000,-160.649773,221.134000,20.224972,221.070000,25.726852,
221.332000,-159.306173,221.330000,20.224991,221.265000,25.825617,
221.530000,-152.140307,221.525000,20.341664,221.460000,25.725206,
221.725000,-150.796707,221.720000,20.263888,221.655000,25.691735,
221.916000,-150.348840,221.915000,20.237963,221.850000,25.680578,
222.112000,-148.109507,222.110000,20.229321,222.045000,25.676859,
222.316000,-145.422307,222.306000,20.343107,222.240000,25.675620,
222.504000,-149.005240,222.501000,20.381036,222.436000,25.675207,
222.703000,-148.109507,222.695000,20.277012,222.631000,25.675069,
222.892000,-143.630840,222.891000,20.359004,222.826000,25.675023,
223.088000,-142.287240,223.086000,20.386335,223.021000,25.675008,
223.282000,-140.047907,223.281000,20.395445,223.216000,25.675003,
223.482000,-140.943640,223.476000,20.398482,223.412000,25.675001,
223.677000,-143.182973,223.671000,20.399494,223.606000,25.675000,
223.868000,-144.078707,223.866000,20.399831,223.801000,25.675000,
224.063000,-137.360707,224.061000,20.399944,223.996000,25.675000,
224.258000,-138.704307,224.256000,20.399981,224.191000,25.675000,
224.453000,-139.152173,224.451000,20.399994,224.387000,25.558333,
224.650000,-141.839373,224.647000,20.399998,224.582000,25.519444,
224.844000,-140.943640,224.842000,20.399999,224.777000,25.623148,
225.038000,-134.673507,225.037000,20.400000,224.972000,25.541049,
225.235000,-133.329907,225.232000,20.400000,225.167000,25.513683,
225.429000,-132.882040,225.427000,20.400000,225.362000,25.504561,
225.625000,-132.882040,225.622000,20.400000,225.558000,25.501520,
225.819000,-131.986307,225.817000,20.400000,225.753000,25.500507,
226.014000,-132.882040,226.013000,20.533333,225.948000,25.500169,
226.212000,-130.642707,226.208000,20.577778,226.143000,25.500056,
226.406000,-130.194840,226.403000,20.592593,226.338000,25.500019,
226.599000,-130.642707,226.598000,20.597531,226.533000,25.500006,
226.794000,-131.538440,226.793000,20.599177,226.728000,25.500002,
227.003000,-130.642707,226.989000,20.599726,226.923000,25.500001,
227.184000,-127.955507,227.183000,20.599909,227.118000,25.500000,
227.383000,-128.403373,227.379000,20.599970,227.313000,25.500000,
227.578000,-126.611907,227.574000,20.599990,227.509000,25.500000,
227.771000,-126.164040,227.769000,20.599997,227.704000,25.500000,
227.965000,-125.268307,227.964000,20.599999,227.899000,25.500000,
228.161000,-125.716173,228.159000,20.600000,228.094000,25.500000,
228.355000,-125.268307,228.354000,20.600000,228.289000,25.500000,
228.551000,-124.820440,228.549000,20.600000,228.485000,25.500000,
228.754000,-124.372573,228.745000,20.600000,228.679000,25.500000,
228.949000,-123.476840,228.940000,20.600000,228.874000,25.366667,
229.146000,-121.237507,229.135000,20.600000,229.070000,25.322222,
229.332000,-120.341773,229.330000,20.600000,229.265000,25.440741,
229.527000,-118.550307,229.525000,20.600000,229.460000,25.480247,
229.725000,-118.102440,229.720000,20.600000,229.655000,25.360082,
229.931000,-116.310973,229.915000,20.600000,229.850000,25.320027,
230.112000,-114.967373,230.110000,20.600000,230.046000,25.306676,
230.310000,-115.415240,230.305000,20.600000,230.240000,25.302225,
230.502000,-115.415240,230.500000,20.733333,230.436000,25.300742,
230.697000,-114.519507,230.696000,20.644444,230.631000,25.300247,
230.893000,-112.728040,230.891000,20.748148,230.826000,25.300082,
231.090000,-112.728040,231.086000,20.649383,231.021000,25.300027,
231.283000,-113.175907,231.281000,20.616461,231.216000,25.300009,
231.478000,-112.280173,231.477000,20.738820,231.411000,25.300003,
231.673000,-110.040840,231.672000,20.779607,231.608000,25.300001,
231.869000,-109.145107,231.867000,20.793202,231.803000,25.300000,
232.065000,-108.697240,232.062000,20.797734,231.998000,25.300000,
232.259000,-109.145107,232.258000,20.799245,232.193000,25.300000,
232.458000,-108.697240,232.453000,20.799748,232.388000,25.300000,
232.650000,-106.010040,232.648000,20.799916,232.583000,25.300000,
232.848000,-106.010040,232.843000,20.799972,232.778000,25.300000,
233.040000,-105.562173,233.038000,20.799991,232.973000,25.166667,
233.235000,-105.114307,233.233000,20.799997,233.168000,25.255556,
233.432000,-105.114307,233.428000,20.799999,233.364000,25.151852,
233.635000,-105.562173,233.623000,20.800000,233.559000,25.117284,
233.821000,-104.666440,233.819000,20.800000,233.754000,25.105761,
234.016000,-104.666440,234.014000,20.800000,233.949000,25.101920,
234.214000,-103.770707,234.209000,20.800000,234.144000,25.100640,
234.405000,-102.427107,234.404000,20.800000,234.339000,25.100213,
234.600000,-101.083507,234.599000,20.800000,234.534000,25.100071,
234.796000,-100.635640,234.794000,20.800000,234.730000,25.100024,
234.991000,-100.187773,234.989000,20.800000,234.925000,25.100008,
235.186000,-99.739907,235.184000,20.800000,235.121000,25.100003,
235.382000,-99.292040,235.380000,20.800000,235.314000,25.100001,
235.577000,-99.739907,235.575000,20.800000,235.510000,25.100000,
235.775000,-99.739907,235.770000,20.933333,235.705000,25.100000,
235.966000,-98.396307,235.965000,20.844444,235.900000,25.100000,
236.186000,-97.948440,236.161000,20.814815,236.095000,25.100000,
236.357000,-96.604840,236.355000,20.804938,236.291000,25.100000,
236.551000,-95.709107,236.550000,20.801646,236.486000,25.100000,
236.748000,-94.813373,236.745000,20.800549,236.681000,25.100000,
236.943000,-93.917640,236.940000,20.800183,236.876000,25.100000,
237.137000,-93.469773,237.136000,20.933394,237.071000,25.100000,
237.334000,-93.021907,237.331000,20.844465,237.266000,25.100000,
237.539000,-92.126173,237.526000,20.948155,237.462000,25.100000,
237.730000,-91.230440,237.721000,20.982718,237.656000,24.966667,
237.922000,-91.230440,237.916000,20.994239,237.852000,25.055556,
238.118000,-90.782573,238.111000,20.998080,238.046000,24.951852,
238.312000,-92.574040,238.306000,20.999360,238.241000,24.917284,
238.505000,-91.678307,238.501000,20.999787,238.436000,24.905761,
238.698000,-88.543240,238.696000,20.999929,238.632000,24.901920,
238.914000,-86.303907,238.892000,20.999976,238.826000,24.900640,
239.089000,-85.408173,239.086000,20.999992,239.022000,24.900213,
239.284000,-85.408173,239.281000,20.999997,239.216000,24.900071,
239.477000,-86.751773,239.476000,21.020832,239.411000,24.920857,
239.674000,-86.303907,239.671000,21.027777,239.607000,24.927786,
239.874000,-84.512440,239.866000,21.009259,239.802000,24.909262,
240.063000,-83.616707,240.062000,21.023920,239.998000,24.923921,
240.263000,-81.825240,240.257000,21.007973,240.192000,24.907974,
240.455000,-81.825240,240.452000,21.023491,240.387000,24.923491,
240.649000,-82.273107,240.647000,21.028664,240.582000,24.928664,
240.846000,-82.720973,240.842000,21.030388,240.777000,24.930388,
241.038000,-80.929507,241.037000,21.030963,240.972000,24.930963,
241.235000,-80.929507,241.232000,21.031154,241.167000,24.931154,
241.429000,-80.929507,241.427000,21.031218,241.362000,24.931218,
241.623000,-80.481640,241.622000,21.031239,241.557000,24.931239,
241.821000,-80.929507,241.817000,21.031246,241.752000,24.931246,
242.014000,-83.616707,242.012000,21.031249,241.948000,24.931249,
242.213000,-80.929507,242.207000,21.031250,242.143000,24.931250,
242.404000,-80.481640,242.402000,21.031250,242.337000,24.931250,
242.599000,-79.585907,242.598000,21.031250,242.533000,24.931250,
242.795000,-79.585907,242.793000,21.031250,242.728000,24.931250,
242.992000,-79.138040,242.988000,21.031250,242.923000,24.931250,
243.185000,-77.346573,243.183000,21.031250,243.119000,24.931250,
243.387000,-76.450840,243.378000,21.031250,243.313000,24.931250,
243.574000,-76.898707,243.573000,21.031250,243.508000,24.797917,
243.772000,-75.555107,243.768000,21.031250,243.703000,24.753472,
243.966000,-74.659373,243.963000,21.031250,243.898000,24.871991,
244.172000,-79.138040,244.158000,21.031250,244.094000,24.778164,
244.356000,-74.211507,244.353000,21.010417,244.289000,24.859388,
244.571000,-73.315773,244.548000,21.024306,244.484000,24.773963,
244.745000,-71.972173,244.743000,21.008102,244.679000,24.724654,
244.940000,-71.524307,244.938000,21.002701,244.873000,24.708218,
245.135000,-74.659373,245.134000,21.000900,245.069000,24.702739,
245.329000,-72.420040,245.329000,21.000300,245.264000,24.700913,
245.526000,-72.867907,245.524000,21.020933,245.459000,24.721138,
245.721000,-72.420040,245.719000,21.027811,245.654000,24.727879,
245.924000,-72.420040,245.914000,21.030104,245.850000,24.730126,
246.110000,-71.524307,246.109000,21.030868,246.044000,24.730875,
246.318000,-72.420040,246.305000,21.164456,246.239000,24.731125,
246.501000,-70.628573,246.499000,21.075652,246.434000,24.731208,
246.696000,-69.732840,246.694000,21.046051,246.629000,24.731236,
246.890000,-69.284973,246.889000,21.036184,246.825000,24.731245,
247.085000,-68.389240,247.084000,21.032895,247.019000,24.731248,
247.292000,-67.941373,247.280000,21.165132,247.215000,24.731249,
247.476000,-67.493507,247.475000,21.075877,247.410000,24.731250,
247.675000,-65.702040,247.670000,21.179459,247.605000,24.731250,
247.866000,-65.254173,247.865000,21.213986,247.800000,24.731250,
248.063000,-65.254173,248.060000,21.225495,247.995000,24.731250,
248.257000,-66.149907,248.256000,21.229332,248.190000,24.731250,
248.453000,-66.149907,248.450000,21.230611,248.385000,24.731250,
248.647000,-65.702040,248.645000,21.231037,248.580000,24.731250,
248.842000,-64.806307,248.840000,21.231179,248.775000,24.731250,
249.037000,-64.358440,249.036000,21.231226,248.971000,24.731250,
249.233000,-64.806307,249.232000,21.097909,249.166000,24.597917,
249.428000,-63.910573,249.426000,21.186803,249.362000,24.686806,
249.623000,-63.910573,249.622000,21.216434,249.556000,24.716435,
249.818000,-63.014840,249.817000,21.226311,249.751000,24.592978,
250.013000,-62.566973,250.012000,21.229604,249.947000,24.685159,
250.208000,-62.119107,250.207000,21.230701,250.142000,24.582553,
250.407000,-63.014840,250.402000,21.231067,250.337000,24.548351,
250.599000,-61.671240,250.597000,21.231189,250.532000,24.536950,
250.793000,-62.566973,250.792000,21.231230,250.727000,24.533150,
250.988000,-62.119107,250.987000,21.231243,250.922000,24.531883,
251.188000,-61.671240,251.183000,21.231248,251.117000,24.531461,
251.380000,-61.223373,251.377000,21.231249,251.313000,24.531320,
251.574000,-60.327640,251.572000,21.231250,251.508000,24.531273,
251.769000,-59.431907,251.767000,21.231250,251.702000,24.531258,
251.971000,-58.984040,251.963000,21.231250,251.897000,24.531253,
252.160000,-58.088307,252.158000,21.231250,252.093000,24.531251,
252.354000,-57.192573,252.353000,21.231250,252.288000,24.531250,
252.551000,-58.984040,252.548000,21.231250,252.483000,24.531250,
252.744000,-56.296840,252.743000,21.231250,252.678000,24.531250,
252.948000,-56.296840,252.938000,21.231250,252.873000,24.531250,
253.136000,-57.640440,253.133000,21.231250,253.068000,24.531250,
253.329000,-54.953240,253.328000,21.231250,253.263000,24.531250,
253.525000,-54.953240,253.523000,21.231250,253.458000,24.531250,
253.722000,-57.192573,253.718000,21.231250,253.654000,24.531250,
253.923000,-54.953240,253.913000,21.231250,253.849000,24.531250,
254.109000,-57.192573,254.108000,21.231250,254.043000,24.531250,
254.306000,-56.744707,254.304000,21.231250,254.239000,24.531250,
254.501000,-54.953240,254.499000,21.231250,254.434000,24.531250,
254.696000,-54.505373,254.694000,21.231250,254.629000,24.531250,
254.890000,-52.266040,254.889000,21.231250,254.824000,24.531250,
255.087000,-52.713907,255.084000,21.231250,255.019000,24.531250,
255.281000,-51.818173,255.279000,21.231250,255.214000,24.531250,
255.476000,-52.713907,255.474000,21.231250,255.409000,24.531250,
255.671000,-54.505373,255.670000,21.231250,255.604000,24.531250,
255.866000,-55.401107,255.864000,21.231250,255.799000,24.531250,
256.061000,-51.818173,256.059000,21.231250,255.995000,24.531250,
256.269000,-52.266040,256.255000,21.347917,256.190000,24.531250,
256.451000,-51.370307,256.450000,21.386806,256.385000,24.414583,
256.646000,-50.922440,256.645000,21.283102,256.586000,24.492361,
256.842000,-50.922440,256.840000,21.365201,256.775000,24.518287,
257.038000,-50.026707,257.035000,21.392567,256.970000,24.526929,
257.234000,-50.474573,257.230000,21.401689,257.165000,24.413143,
257.426000,-49.578840,257.425000,21.404730,257.360000,24.375214,
257.622000,-48.683107,257.620000,21.405743,257.555000,24.479238,
257.822000,-50.474573,257.815000,21.406081,257.750000,24.397246,
258.016000,-49.578840,258.010000,21.406194,257.945000,24.486582,
258.207000,-50.026707,258.205000,21.406231,258.140000,24.516361,
258.410000,-50.026707,258.400000,21.406244,258.335000,24.409620,
258.598000,-50.026707,258.596000,21.406248,258.531000,24.374040,
258.794000,-50.026707,258.791000,21.406249,258.725000,24.362180,
258.987000,-49.130973,258.986000,21.406250,258.921000,24.358227,
259.182000,-49.130973,259.181000,21.406250,259.116000,24.356909,
259.382000,-49.578840,259.376000,21.406250,259.312000,24.356470,
259.574000,-48.683107,259.571000,21.406250,259.506000,24.356323,
259.772000,-48.683107,259.766000,21.406250,259.701000,24.356274,
259.963000,-48.683107,259.961000,21.406250,259.896000,24.356258,
260.167000,-48.235240,260.156000,21.406250,260.091000,24.356253,
260.353000,-49.130973,260.351000,21.406250,260.286000,24.356251,
260.553000,-47.787373,260.547000,21.406250,260.481000,24.356250,
260.742000,-46.891640,260.741000,21.406250,260.676000,24.356250,
260.938000,-46.891640,260.937000,21.406250,260.872000,24.356250,
261.140000,-45.995907,261.131000,21.427083,261.066000,24.377083,
261.328000,-45.995907,261.327000,21.434028,261.262000,24.384028,
261.524000,-45.100173,261.522000,21.436343,261.457000,24.386343,
261.719000,-45.995907,261.717000,21.416281,261.652000,24.366281,
261.914000,-45.100173,261.912000,21.409594,261.847000,24.359594,
262.109000,-45.100173,262.107000,21.428198,262.042000,24.378198,
262.315000,-45.548040,262.302000,21.434399,262.237000,24.384399,
262.504000,-45.995907,262.497000,21.415633,262.432000,24.365633,
262.697000,-43.756573,262.692000,21.430211,262.628000,24.380211,
262.902000,-43.756573,262.887000,21.435070,262.822000,24.385070,
263.084000,-43.308707,263.082000,21.436690,263.017000,24.386690,
263.282000,-43.756573,263.277000,21.437230,263.213000,24.387230,
263.480000,-43.756573,263.472000,21.416577,263.408000,24.366577,
263.682000,-43.308707,263.668000,21.563859,263.603000,24.380526,
263.868000,-43.756573,263.863000,21.612953,263.798000,24.251842,
264.059000,-43.756573,264.058000,21.495984,263.992000,24.342281,
264.254000,-43.756573,264.253000,21.590328,264.188000,24.372427,
264.449000,-45.100173,264.448000,21.621776,264.383000,24.249142,
264.647000,-43.308707,264.643000,21.498925,264.578000,24.341381,
264.842000,-42.860840,264.838000,21.457975,264.773000,24.372127,
265.034000,-42.412973,265.033000,21.577658,264.968000,24.382376,
265.230000,-42.860840,265.228000,21.617553,265.163000,24.252459,
265.425000,-41.517240,265.423000,21.610018,265.358000,24.321653,
265.620000,-40.173640,265.618000,21.628339,265.554000,24.232218,
265.816000,-40.621507,265.813000,21.634446,265.748000,24.335739,
266.023000,-40.621507,266.009000,21.636482,265.943000,24.236913,
266.212000,-38.830040,266.204000,21.637161,266.138000,24.203971,
266.400000,-38.830040,266.398000,21.637387,266.333000,24.326324,
266.596000,-37.934307,266.594000,21.637462,266.530000,24.233775,
266.791000,-37.934307,266.789000,21.637487,266.725000,24.202925,
266.987000,-37.934307,266.985000,21.637496,266.920000,24.192642,
267.181000,-37.934307,267.180000,21.637499,267.114000,24.189214,
267.376000,-38.382173,267.375000,21.637500,267.310000,24.188071,
267.571000,-37.934307,267.570000,21.637500,267.505000,24.187690,
267.765000,-37.486440,267.765000,21.637500,267.700000,24.187563,
267.962000,-39.277907,267.960000,21.616667,267.895000,24.166688,
268.156000,-39.277907,268.155000,21.630556,268.090000,24.180563,
268.352000,-37.934307,268.350000,21.635185,268.285000,24.185188,
268.548000,-36.590707,268.545000,21.636728,268.480000,24.186729,
268.741000,-36.142840,268.740000,21.637243,268.676000,24.187243,
268.938000,-36.142840,268.935000,21.637414,268.870000,24.187414,
269.132000,-36.142840,269.130000,21.637471,269.065000,24.187471,
269.329000,-36.142840,269.325000,21.637490,269.260000,24.187490,
269.522000,-35.247107,269.520000,21.637497,269.455000,24.054163,
269.722000,-35.247107,269.715000,21.637499,269.650000,24.009721,
269.912000,-34.351373,269.910000,21.637500,269.845000,23.994907,
270.107000,-33.903507,270.106000,21.637500,270.040000,23.989969,
270.305000,-34.799240,270.301000,21.637500,270.236000,23.988323,
270.498000,-34.799240,270.496000,21.637500,270.431000,23.987774,
270.695000,-34.799240,270.692000,21.637500,270.626000,23.987591,
270.888000,-34.351373,270.886000,21.637500,270.821000,23.987530,
271.085000,-34.799240,271.081000,21.637500,271.016000,23.987510,
271.283000,-33.455640,271.276000,21.637500,271.211000,23.987503,
271.472000,-33.455640,271.471000,21.637500,271.406000,23.987501,
271.668000,-33.903507,271.666000,21.637500,271.601000,23.987500,
271.866000,-33.007773,271.861000,21.637500,271.797000,23.854167,
272.058000,-33.007773,272.056000,21.637500,271.992000,23.943056,
272.255000,-34.799240,272.251000,21.637500,272.186000,23.972685,
272.448000,-32.559907,272.446000,21.637500,272.382000,23.849228,
272.643000,-33.007773,272.641000,21.637500,272.576000,23.808076,
272.840000,-33.903507,272.836000,21.637500,272.771000,23.794359,
273.035000,-36.590707,273.032000,21.637500,272.967000,23.789786,
273.228000,-36.590707,273.226000,21.637500,273.162000,23.788262,
273.443000,-34.351373,273.422000,21.637500,273.357000,23.787754,
273.634000,-38.830040,273.617000,21.637500,273.552000,23.787585,
273.813000,-33.455640,273.812000,21.770833,273.747000,23.787528,
274.020000,-33.007773,274.007000,21.681944,273.942000,23.787509,
274.215000,-33.007773,274.202000,21.652315,274.137000,23.787503,
274.402000,-33.903507,274.397000,21.642438,274.332000,23.787501,
274.594000,-34.351373,274.592000,21.639146,274.528000,23.787500,
274.789000,-31.216307,274.787000,21.750549,274.722000,23.900000,
274.984000,-31.216307,274.982000,21.654350,274.918000,23.804167,
275.179000,-31.216307,275.177000,21.755617,275.112000,23.772222,
275.378000,-31.216307,275.373000,21.656039,275.307000,23.761574,
275.572000,-30.320573,275.567000,21.622846,275.502000,23.758025,
275.765000,-31.216307,275.762000,21.632615,275.698000,23.777675,
275.959000,-29.424840,275.957000,21.635872,275.892000,23.784225,
276.154000,-28.976973,276.153000,21.770291,276.088000,23.653075,
276.357000,-28.976973,276.348000,21.815097,276.283000,23.742692,
276.545000,-29.424840,276.543000,21.830032,276.478000,23.772564,
276.742000,-30.320573,276.738000,21.701677,276.673000,23.782521,
276.935000,-29.872707,276.933000,21.792226,276.868000,23.785840,
277.130000,-29.872707,277.128000,21.822409,277.063000,23.786947,
277.326000,-28.976973,277.323000,21.832470,277.258000,23.787316,
277.521000,-28.976973,277.518000,21.835823,277.454000,23.787439,
277.716000,-28.976973,277.713000,21.836941,277.648000,23.787480,
277.912000,-29.424840,277.908000,21.837314,277.844000,23.787493,
278.105000,-29.872707,278.103000,21.837438,278.039000,23.787498,
278.303000,-29.872707,278.298000,21.837479,278.234000,23.787499,
278.497000,-29.872707,278.493000,21.837493,278.429000,23.787500,
278.698000,-30.320573,278.688000,21.837498,278.624000,23.787500,
278.893000,-30.320573,278.883000,21.837499,278.819000,23.654167,
279.084000,-31.216307,279.079000,21.837500,279.014000,23.609722,
279.276000,-32.112040,279.274000,21.837500,279.209000,23.594907,
279.474000,-31.216307,279.469000,21.837500,279.404000,23.723302,
279.666000,-30.320573,279.664000,21.837500,279.599000,23.766101,
279.863000,-29.872707,279.859000,21.837500,279.794000,23.647034,
280.057000,-29.424840,280.054000,21.837500,279.989000,23.740678,
280.254000,-28.976973,280.249000,21.837500,280.184000,23.771893,
280.449000,-29.424840,280.444000,21.837500,280.379000,23.782298,
280.644000,-28.976973,280.639000,21.837500,280.574000,23.652433,
280.835000,-31.216307,280.834000,21.837500,280.769000,23.742478,
281.040000,-31.664173,281.029000,21.837500,280.964000,23.639159,
281.228000,-28.976973,281.224000,21.970833,281.159000,23.604720,
281.425000,-28.081240,281.420000,22.015278,281.355000,23.726573,
281.620000,-28.529107,281.614000,22.030093,281.550000,23.633858,
281.813000,-29.872707,281.810000,21.901698,281.745000,23.736286,
282.010000,-28.081240,282.005000,21.858899,281.940000,23.637095,
282.204000,-28.081240,282.200000,21.957133,282.135000,23.583198,
282.397000,-27.633373,282.395000,21.877378,282.330000,23.586066,
282.595000,-27.633373,282.590000,21.829959,282.525000,23.566189,
282.788000,-27.185507,282.785000,21.814153,282.720000,23.559563,
282.982000,-29.872707,282.980000,21.808884,282.915000,23.557354,
283.177000,-27.185507,283.175000,21.961295,283.110000,23.577451,
283.374000,-26.737640,283.370000,21.878765,283.305000,23.584150,
283.568000,-26.289773,283.565000,21.963755,283.500000,23.565550,
283.765000,-25.841907,283.760000,21.879585,283.696000,23.580183,
283.969000,-25.394040,283.956000,21.964028,283.891000,23.564228,
284.153000,-24.946173,284.151000,21.879676,284.087000,23.579743,
284.349000,-25.394040,284.346000,21.851559,284.282000,23.584914,
284.549000,-24.498307,284.542000,21.975520,284.477000,23.469971,
284.738000,-24.498307,284.737000,22.016840,284.672000,23.431657,
284.933000,-24.498307,284.932000,22.030613,284.867000,23.418886,
285.128000,-24.946173,285.127000,22.035204,285.062000,23.414629,
285.326000,-24.050440,285.322000,21.903401,285.257000,23.529876,
285.519000,-24.050440,285.517000,21.859467,285.452000,23.568292,
285.716000,-24.946173,285.712000,21.844822,285.647000,23.581097,
285.910000,-25.841907,285.907000,21.973274,285.842000,23.468699,
286.107000,-24.050440,286.102000,22.016091,286.037000,23.431233,
286.301000,-24.050440,286.297000,22.030364,286.232000,23.418744,
286.497000,-23.602573,286.492000,21.901788,286.428000,23.414581,
286.688000,-23.154707,286.687000,21.992263,286.623000,23.529860,
286.884000,-24.050440,286.882000,22.022421,286.817000,23.451620,
287.079000,-23.154707,287.077000,22.032474,287.012000,23.425540,
287.277000,-22.706840,287.273000,22.035825,287.208000,23.416847,
287.470000,-23.154707,287.467000,22.036942,287.402000,23.413949,
287.667000,-22.706840,287.663000,21.903981,287.598000,23.412983,
287.860000,-23.154707,287.857000,21.992994,287.793000,23.412661,
288.054000,-23.154707,288.053000,22.022665,287.988000,23.412554,
288.250000,-24.050440,288.248000,22.032555,288.183000,23.412518,
288.445000,-23.602573,288.443000,22.035852,288.378000,23.412506,
288.640000,-23.602573,288.638000,22.036951,288.573000,23.412502,
288.837000,-24.050440,288.833000,22.037317,288.768000,23.412501,
289.029000,-23.602573,289.028000,22.037439,288.963000,23.412500,
289.228000,-23.154707,289.223000,22.037480,289.158000,23.412500,
289.420000,-23.154707,289.418000,22.037493,289.353000,23.412500,
289.615000,-22.258973,289.613000,22.037498,289.548000,23.412500,
289.810000,-22.706840,289.808000,22.037499,289.743000,23.412500,
290.008000,-22.258973,290.003000,22.037500,289.938000,23.412500,
290.213000,-23.154707,290.198000,22.037500,290.134000,23.412500,
290.396000,-23.154707,290.393000,22.037500,290.329000,23.412500,
290.591000,-22.706840,290.588000,22.037500,290.524000,23.412500,
290.789000,-22.706840,290.784000,22.037500,290.719000,23.412500,
290.980000,-23.154707,290.979000,22.037500,290.914000,23.412500,
291.175000,-23.602573,291.174000,22.037500,291.109000,23.412500,
291.371000,-24.050440,291.369000,22.037500,291.304000,23.412500,
291.566000,-26.289773,291.564000,22.037500,291.499000,23.412500,
291.762000,-23.602573,291.759000,22.037500,291.694000,23.412500,
291.955000,-23.602573,291.954000,22.037500,291.889000,23.412500,
292.151000,-23.602573,292.149000,22.170833,292.084000,23.412500,
292.349000,-23.602573,292.344000,22.081944,292.279000,23.412500,
292.542000,-23.602573,292.539000,22.052315,292.475000,23.412500,
292.738000,-23.154707,292.734000,22.042438,292.669000,23.412500,
292.931000,-23.602573,292.929000,22.039146,292.864000,23.412500,
293.125000,-23.154707,293.124000,22.038049,293.060000,23.412500,
293.322000,-23.154707,293.319000,22.037683,293.255000,23.412500,
293.519000,-23.602573,293.515000,22.170894,293.450000,23.412500,
293.713000,-23.154707,293.709000,22.081965,293.645000,23.412500,
293.909000,-23.154707,293.905000,22.052322,293.840000,23.412500,
294.101000,-22.706840,294.100000,22.042441,294.035000,23.412500,
294.299000,-23.154707,294.295000,22.039147,294.230000,23.412500,
294.492000,-22.706840,294.490000,22.171382,294.424000,23.412500,
294.690000,-22.706840,294.685000,22.215461,294.620000,23.412500,
294.895000,-22.258973,294.880000,22.096820,294.815000,23.412500,
295.080000,-22.706840,295.075000,22.190607,295.010000,23.412500,
295.272000,-22.706840,295.270000,22.221869,295.205000,23.412500,
295.473000,-22.706840,295.465000,22.098956,295.401000,23.412500,
295.664000,-22.706840,295.660000,22.057985,295.595000,23.279167,
295.857000,-22.258973,295.855000,22.177662,295.790000,23.368056,
296.052000,-22.706840,296.050000,22.217554,295.985000,23.397685,
296.248000,-21.811107,296.245000,22.230851,296.181000,23.407562,
296.443000,-20.915373,296.440000,22.101950,296.376000,23.410854,
296.637000,-22.706840,296.636000,22.192317,296.571000,23.411951,
296.832000,-22.258973,296.830000,22.222439,296.766000,23.412317,
297.030000,-23.154707,297.026000,22.232480,296.961000,23.412439,
297.222000,-22.706840,297.220000,22.235827,297.157000,23.412480,
297.417000,-22.258973,297.416000,22.257776,297.351000,23.433327,
297.613000,-21.811107,297.611000,22.265092,297.546000,23.440276,
297.808000,-21.811107,297.806000,22.267531,297.741000,23.442592,
298.004000,-22.258973,298.001000,22.268344,297.936000,23.443364,
298.200000,-22.706840,298.196000,22.268615,298.131000,23.443621,
